,Time,Mx,My,CoPx,CoPy
0,0.0,-0.17304066666666695,0.14359166666666667,-0.00022623333333327166,-0.00028658333333332864
1,0.06,-0.47368300000000085,0.34966483333333337,-0.0005428166666666332,-0.0007261999999999984
2,0.12,-0.6853636666666671,0.4536661666666667,-0.0007051999999999499,-0.0010583833333333318
3,0.18,-1.0843335000000005,0.2425380000000001,-0.000380816666666615,-0.0017091833333333234
4,0.24,-1.4571551666666671,-0.018146333333333195,3.086666666665998e-05,-0.002251183333333333
5,0.3,-1.525971666666667,-0.10932066666666647,0.00017369999999995332,-0.002352349999999997
6,0.36,-1.800729000000001,-0.29394349999999997,0.0004619333333332917,-0.0027735499999999966
7,0.42,-2.118085333333334,-0.3972765,0.000619549999999955,-0.003293116666666666
8,0.48,-2.391379000000001,-0.12037066666666649,0.00018684999999994337,-0.0037303166666666676
9,0.54,-2.2531480000000004,-0.06454883333333315,9.928333333330831e-05,-0.003519633333333333
10,0.6,-1.5405128333333342,0.07653900000000008,-0.00010576666666664503,-0.0023062499999999967
11,0.66,-0.6612773333333342,-0.004662333333333205,1.900000000001644e-06,-0.0010672333333333315
12,0.72,-0.006975166666667154,-0.024578999999999847,3.131666666666328e-05,-5.850000000002074e-05
13,0.78,0.7156868333333328,-0.14847233333333312,0.00024498333333330003,0.0012086166666665718
14,0.84,1.453372833333333,-0.2981201666666666,0.0004617666666666183,0.002246116666666582
15,0.9,2.3449054999999985,-0.5477934999999999,0.0008540833333332933,0.003658499999999907
16,0.96,2.4996346666666667,-0.9162589999999998,0.0014309333333332999,0.003921899999999905
17,1.02,1.8507626666666661,-0.8546281666666664,0.001325016666666633,0.0028326833333332368
18,1.08,0.9619651666666658,-0.5976766666666666,0.0009357999999999683,0.0015350999999999048
19,1.14,0.36357216666666614,-0.35656983333333325,0.0005582999999999484,0.0005870499999999034
20,1.2,-0.08730100000000043,-0.04784699999999991,7.613333333331005e-05,-0.00012540000000002771
21,1.26,-0.8234521666666677,0.12554450000000006,-0.00019574999999993334,-0.00128381666666666
22,1.32,-1.0310661666666674,0.2831421666666669,-0.0004461166666666334,-0.0016396499999999962
23,1.38,-1.1582048333333335,0.36287716666666675,-0.0005555499999999567,-0.0017417166666666669
24,1.44,-1.3409146666666671,0.37864833333333353,-0.0005904333333332966,-0.00209263333333333
25,1.5,-1.842503833333334,0.532549,-0.0008280333333332851,-0.0028604333333333283
26,1.56,-2.593121333333334,0.7977736666666667,-0.0012411499999999515,-0.004030166666666667
27,1.62,-3.5011683333333337,0.8374986666666668,-0.0013133999999999635,-0.005508849999999999
28,1.68,-4.1893901666666675,1.1235338333333333,-0.0017351166666666183,-0.0064349666666666675
29,1.74,-4.663471500000002,1.3009688333333336,-0.002032099999999956,-0.007297550000000001
30,1.8,-5.064374833333334,1.1252689999999999,-0.0017492999999999515,-0.00786615
31,1.86,-5.319255833333334,0.9592586666666667,-0.0014824499999999434,-0.008209133333333332
32,1.92,-5.428985166666666,0.8447901666666666,-0.0013249833333332983,-0.0085182
33,1.98,-5.363637833333334,0.7439546666666669,-0.0011710666666666302,-0.008437033333333335
34,2.04,-5.531219666666667,0.8180561666666667,-0.0012473499999999535,-0.008434416666666668
35,2.1,-5.854361166666666,1.1604685,-0.0018125999999999663,-0.009150333333333335
36,2.16,-6.007206500000001,1.1994288333333332,-0.001863499999999962,-0.009327233333333332
37,2.22,-6.461427500000001,1.0904463333333334,-0.001690233333333297,-0.010011916666666667
38,2.28,-6.856958000000001,1.0493720000000004,-0.0016473833333332834,-0.010766083333333332
39,2.34,-7.299944666666666,1.0952698333333335,-0.0016985666666666265,-0.011320766666666668
40,2.4,-7.4095460000000015,1.05426,-0.001643266666666617,-0.011550266666666666
41,2.46,-7.356817833333334,0.969418,-0.0015051999999999603,-0.011425766666666667
42,2.52,-7.144399000000003,0.6767193333333335,-0.0010545833333332965,-0.011132649999999997
43,2.58,-6.862942,0.4868405000000002,-0.0007607166666666051,-0.010708200000000003
44,2.64,-6.712195166666668,0.5180830000000001,-0.0008019499999999568,-0.010418149999999998
45,2.7,-7.009320166666669,0.6852548333333336,-0.0010692166666666266,-0.010931466666666667
46,2.76,-7.020098500000001,0.8346608333333333,-0.001299883333333292,-0.010934100000000002
47,2.82,-6.646292333333333,0.9835115000000002,-0.0015314166666666235,-0.010348550000000001
48,2.88,-6.248045666666668,1.0221995000000004,-0.0015932666666666248,-0.009737500000000001
49,2.94,-6.197062833333333,0.9229998333333337,-0.0014360333333332997,-0.009641649999999998
50,3.0,-6.333786,1.0472671666666666,-0.0016301499999999648,-0.009858183333333331
51,3.06,-6.786502666666666,1.4250628333333333,-0.0022114333333332972,-0.010520016666666666
52,3.12,-7.608640500000002,1.8571211666666667,-0.002873533333333298,-0.011736849999999998
53,3.18,-8.270744166666667,2.3494354999999993,-0.0036939999999999642,-0.013073116666666667
54,3.24,-8.507850666666666,2.563652666666667,-0.003982183333333296,-0.013191650000000001
55,3.3,-9.222703833333332,2.4617344999999995,-0.00381616666666663,-0.014263783333333332
56,3.36,-9.938984000000001,2.2184525,-0.0034676666666666267,-0.015553800000000001
57,3.42,-9.772202333333333,2.1108181666666668,-0.003277466666666623,-0.015158449999999999
58,3.48,-9.760063833333332,1.8050465000000002,-0.002816549999999952,-0.015234266666666666
59,3.54,-9.38012166666667,1.7439465000000003,-0.0027244833333333034,-0.014661483333333333
60,3.6,-8.904443833333335,1.7966860000000004,-0.0027800666666666315,-0.013756433333333335
61,3.66,-8.4434845,1.3758730000000001,-0.0021513499999999647,-0.013206550000000001
62,3.72,-8.4933925,1.3563333333333338,-0.0020953833333333147,-0.013117083333333335
63,3.78,-8.679231333333336,1.3931900000000002,-0.0021639666666666345,-0.013479833333333333
64,3.84,-8.241372833333333,1.5698816666666668,-0.0024518333333332937,-0.012879
65,3.9,-7.232419833333335,1.666382166666667,-0.002578183333333288,-0.011160733333333332
66,3.96,-5.936533500000001,1.7822994999999997,-0.00277401666666663,-0.00923656666666667
67,4.02,-4.736433666666668,2.397740333333333,-0.003735299999999956,-0.007379083333333333
68,4.08,-4.289617000000001,2.7257713333333338,-0.004245599999999972,-0.0066805499999999995
69,4.14,-4.172805833333334,3.134026333333333,-0.004881183333333315,-0.006496716666666667
70,4.2,-3.4458911666666667,3.3873223333333327,-0.005279999999999962,-0.005382083333333333
71,4.26,-2.302648,3.3377108333333334,-0.005195433333333306,-0.003571516666666666
72,4.32,-1.2479285000000007,3.1385368333333328,-0.004883466666666653,-0.0019221499999999931
73,4.38,-0.5643016666666675,2.4888893333333333,-0.00389456666666663,-0.0009550999999999983
74,4.44,-0.6649958333333341,1.665826666666667,-0.0026033999999999563,-0.00107595
75,4.5,-1.483347333333334,1.0761645000000002,-0.00165968333333329,-0.0022190499999999998
76,4.56,-1.7333506666666674,0.48664783333333334,-0.0007627999999999536,-0.0027299666666666614
77,4.62,-1.504868333333334,-0.17913699999999982,0.00028041666666664,-0.0023345499999999977
78,4.68,-0.5412358333333338,-0.5460116666666666,0.0008464499999999667,-0.0008755666666666537
79,4.74,0.5035429999999993,-0.9923058333333333,0.0015483666666666347,0.0008087333333332433
80,4.8,0.869674666666666,-1.2493356666666666,0.0019538833333332998,0.0014272999999999066
81,4.86,0.7927406666666659,-0.8437959999999999,0.0013128999999999567,0.0012242499999999114
82,4.92,1.0397548333333326,-0.5915236666666664,0.0009248166666666167,0.0016451499999999017
83,4.98,1.2815336666666661,-0.43411249999999985,0.0006730166666666368,0.0019736499999999085
84,5.04,1.8238909999999995,-0.2926159999999998,0.00045601666666661667,0.0028428166666665737
85,5.1,2.3413661666666656,-0.10660583333333319,0.00016871666666663662,0.00366338333333324
86,5.16,3.295374833333333,0.015413833333333488,-2.1733333333326656e-05,0.005146533333333254
87,5.22,4.536649666666666,0.21478816666666672,-0.000331233333333295,0.007084633333333251
88,5.28,5.4359866666666665,0.43662149999999994,-0.0006730833333332882,0.00850113333333325
89,5.34,5.848170666666666,0.2680520000000001,-0.00041668333333329835,0.009113766666666589
90,5.4,5.595195833333333,0.2766425000000001,-0.0004197499999999566,0.008771483333333255
91,5.46,4.429574666666666,0.3467996666666668,-0.0005435333333332899,0.006883266666666577
92,5.52,3.2706516666666663,1.2489839999999997,-0.0019514166666666332,0.005069833333333238
93,5.58,2.1035078333333326,2.086897333333334,-0.003249433333333299,0.0032813166666665738
94,5.64,1.262664666666666,2.6531766666666665,-0.004115599999999979,0.0020339833333332486
95,5.7,0.540489333333333,2.7213053333333335,-0.004240166666666646,0.0008374666666665717
96,5.76,-0.007110500000000211,2.4836168333333344,-0.00387169999999996,-2.3200000000005877e-05
97,5.82,-0.45493616666666714,2.1164685000000003,-0.003292299999999965,-0.0006884499999999983
98,5.88,-0.7591310000000003,1.6270135000000003,-0.002537783333333304,-0.0011986333333333318
99,5.94,-0.34628800000000054,1.1781813333333337,-0.00182723333333329,-0.0004971666666666604
100,6.0,0.5505831666666663,0.6668756666666666,-0.0010395999999999585,0.0008532666666665796
101,6.06,1.7746369999999996,0.28659600000000013,-0.00044843333333328825,0.0027524166666665763
102,6.12,2.4262746666666657,0.14179000000000003,-0.00021291666666661667,0.003826299999999902
103,6.18,2.3199549999999998,-0.05917483333333318,9.721666666664833e-05,0.0036449499999999077
104,6.24,1.8358558333333328,-0.2204599999999999,0.0003358333333332966,0.0028092833333332383
105,6.3,1.6481774999999994,-0.21534249999999988,0.000337149999999965,0.0025786166666665724
106,6.36,1.5524834999999995,-0.2750646666666665,0.00043124999999995326,0.00243693333333324
107,6.42,1.5092764999999992,-0.3912386666666665,0.0006098499999999467,0.002353466666666572
108,6.48,1.6936289999999994,-0.4788389999999999,0.0007440999999999483,0.0026253166666665734
109,6.54,1.5562353333333327,-0.6496773333333333,0.0010186666666666384,0.00247421666666657
110,6.6,0.8889369999999998,-0.5383388333333331,0.0008454833333332966,0.0014363666666665769
111,6.66,-0.36618600000000046,-0.41884366666666656,0.0006326166666666284,-0.0007212833333333301
112,6.72,-0.8482313333333338,-0.20919633333333318,0.0003323499999999434,-0.0012754833333333314
113,6.78,-2.011869833333334,0.10917616666666673,-0.00015283333333331,-0.0030124999999999983
114,6.84,-2.649963166666667,0.3345168333333334,-0.0005443166666666282,-0.00428615
115,6.9,-2.376422,0.2787283333333334,-0.00042474999999995327,-0.0036357166666666652
116,6.96,-2.833086666666668,0.35369900000000015,-0.00054701666666661,-0.004385849999999999
117,7.02,-3.0285510000000007,0.4483908333333335,-0.000715533333333285,-0.004833283333333333
118,7.08,-2.786351666666667,0.5294301666666669,-0.0008039999999999535,-0.004204533333333333
119,7.14,-3.458347666666667,0.5885258333333335,-0.0009122833333332866,-0.005357816666666668
120,7.2,-4.094687666666667,0.5384365000000001,-0.0008498166666666234,-0.006454683333333333
121,7.26,-4.544579000000001,0.8259238333333333,-0.0012718666666666318,-0.0069839333333333335
122,7.32,-5.386863000000001,1.1267920000000002,-0.001764999999999948,-0.008452466666666667
123,7.38,-5.676560000000001,1.5578491666666665,-0.0024250666666666243,-0.00883361666666667
124,7.44,-5.564791666666666,1.857137166666667,-0.0028936833333333,-0.008675016666666667
125,7.5,-5.826454833333333,2.2065821666666663,-0.0034338999999999637,-0.009058233333333334
126,7.56,-5.714927000000002,2.4686278333333336,-0.0038398666666666316,-0.00887515
127,7.62,-6.0976064999999995,2.4800220000000004,-0.0038649499999999586,-0.009507916666666666
128,7.68,-5.972630833333333,2.3597889999999997,-0.0036807499999999592,-0.009328449999999999
129,7.74,-5.715293666666666,1.8954789999999997,-0.0029386999999999634,-0.008825450000000002
130,7.8,-5.484654000000002,1.8863188333333336,-0.0029329499999999524,-0.008513533333333332
131,7.86,-5.706411333333333,1.9113481666666667,-0.002989516666666622,-0.008956299999999999
132,7.92,-6.461055333333335,1.7307621666666668,-0.00268648333333329,-0.010008750000000004
133,7.98,-6.849924166666668,1.6717148333333334,-0.002604766666666637,-0.010674716666666667
134,8.04,-6.735925833333334,1.340648666666667,-0.0020904833333333004,-0.010505583333333334
135,8.1,-6.696105166666667,0.9188548333333334,-0.0014188999999999417,-0.010345916666666666
136,8.16,-7.198929666666667,0.5641093333333334,-0.0008804499999999484,-0.011227483333333333
137,8.22,-7.551133666666669,0.3805195000000001,-0.0005895666666666167,-0.011736183333333334
138,8.28,-7.818212666666668,0.22078866666666666,-0.0003338499999999517,-0.012097016666666667
139,8.34,-7.642456166666666,0.17478133333333337,-0.00027556666666661166,-0.01193135
140,8.4,-7.312981166666668,0.2830851666666668,-0.0004336833333332818,-0.011333316666666666
141,8.46,-7.576191833333334,0.19563116666666683,-0.00029698333333328167,-0.011738016666666667
142,8.52,-7.7525015,0.19563933333333342,-0.0003051333333332932,-0.012078983333333333
143,8.58,-7.844082499999999,0.2642675000000001,-0.00040844999999996155,-0.0121931
144,8.64,-7.2524083333333325,0.3865638333333335,-0.0006003499999999567,-0.011283133333333334
145,8.7,-6.262335166666666,0.6157341666666668,-0.0009596666666666334,-0.009759383333333333
146,8.76,-5.211590666666668,0.8691763333333337,-0.0013531333333333,-0.008113316666666667
147,8.82,-3.4888216666666674,1.048344666666667,-0.0016187666666666251,-0.00534825
148,8.88,-1.5987525000000005,1.2272836666666669,-0.0019124833333333,-0.0024932333333333298
149,8.94,-0.7296283333333338,1.4455339999999999,-0.0022571333333332947,-0.0011637666666666669
150,9.0,-0.012776500000000308,1.5826323333333334,-0.002462483333333286,-6.666666666705488e-06
151,9.06,0.6947219999999997,1.4452970000000003,-0.002241749999999967,0.0011287833333332381
152,9.12,1.0933391666666659,1.2888690000000005,-0.0020181999999999613,0.0016514833333332384
153,9.18,1.9169684999999994,1.261587,-0.0019614333333333013,0.0030039833333332417
154,9.24,2.845455833333333,1.2267540000000003,-0.001904383333333298,0.0044624499999999095
155,9.3,3.065471333333333,1.2778003333333336,-0.001985699999999955,0.004796783333333239
156,9.36,3.4740691666666654,1.1266034999999996,-0.0017597999999999598,0.005389499999999921
157,9.42,3.7161136666666654,0.910522,-0.0014158499999999685,0.00580026666666658
158,9.48,3.7078213333333334,0.6745738333333335,-0.00104408333333329,0.00580966666666658
159,9.54,2.891852333333333,0.3778533333333334,-0.0005886999999999466,0.004503599999999912
160,9.6,2.6119889999999995,0.4178886666666667,-0.0006588333333332884,0.004025433333333249
161,9.66,3.2553743333333327,0.5924428333333333,-0.000915633333333295,0.005107966666666586
162,9.72,3.5720525,0.7888325000000002,-0.001224716666666622,0.005584566666666577
163,9.78,3.5536395,0.7992140000000002,-0.0012454333333332952,0.0055327499999999075
164,9.84,3.5464364999999995,0.9664633333333332,-0.0015051333333332897,0.005525566666666576
165,9.9,3.0595764999999995,0.9729076666666667,-0.0015095499999999555,0.00479451666666658
166,9.96,2.6766716666666657,0.8558091666666667,-0.0013412833333332967,0.004128299999999907
167,10.02,2.997588166666666,0.6072365000000003,-0.00093639999999995,0.004718816666666584
168,10.08,3.1771604999999994,0.5236191666666667,-0.0008240499999999566,0.004904899999999909
169,10.14,3.5163773333333324,0.6270106666666668,-0.000977849999999965,0.005471699999999915
170,10.2,3.776522999999999,0.5402603333333335,-0.0008316333333332801,0.005933183333333251
171,10.26,3.709930999999999,0.6226450000000002,-0.00097591666666662,0.005748366666666587
172,10.32,3.8661764999999995,0.7697196666666667,-0.0011954499999999582,0.0060397333333332415
173,10.38,3.8010055,0.8732226666666667,-0.0013535166666666283,0.005952633333333247
174,10.44,3.3287194999999996,0.9825343333333336,-0.0015434833333332785,0.005123316666666588
175,10.5,3.5424391666666666,0.833601666666667,-0.001300049999999958,0.005510783333333246
176,10.56,3.8023521666666666,0.7500441666666668,-0.0011535666666666231,0.005994649999999902
177,10.62,3.9253931666666664,0.9215748333333335,-0.0014308499999999599,0.006137133333333248
178,10.68,4.0609994999999985,1.0439988333333332,-0.0016284333333332819,0.006315349999999915
179,10.74,3.9142983333333325,1.1817458333333335,-0.0018414999999999614,0.006094983333333246
180,10.8,4.0571408333333325,1.2337855,-0.0019188166666666265,0.006333599999999921
181,10.86,4.190167166666666,1.1011483333333334,-0.0017137166666666218,0.006534349999999903
182,10.92,4.024862333333332,1.285753333333333,-0.0020024333333332985,0.0062715999999999215
183,10.98,3.592473666666666,1.1758543333333336,-0.0018219333333332915,0.005640333333333246
184,11.04,2.7209936666666668,0.8341796666666667,-0.0012921166666666237,0.0042729999999999106
185,11.1,1.3812069999999996,0.7894608333333334,-0.0012231499999999515,0.00218676666666658
186,11.16,-0.9847745000000007,0.9151796666666667,-0.0014309333333332934,-0.0015640499999999983
187,11.22,-2.207406666666668,1.0280386666666668,-0.0015955833333332933,-0.003404783333333328
188,11.28,-1.9454213333333332,1.0435928333333335,-0.0016234499999999597,-0.003018033333333325
189,11.34,-2.1239055000000002,1.1715345,-0.0018093666666666199,-0.003221533333333328
190,11.4,-3.0169943333333338,1.4494368333333338,-0.0022654999999999637,-0.0047408
191,11.46,-3.2359080000000007,1.7281296666666672,-0.0027044666666666117,-0.005107466666666667
192,11.52,-3.141152166666667,1.6373531666666665,-0.0025350166666666296,-0.004809933333333334
193,11.58,-3.276396500000001,1.6757571666666664,-0.0026067499999999568,-0.005083766666666666
194,11.64,-2.7273446666666663,1.8861515000000002,-0.0029366333333333016,-0.004241499999999998
195,11.7,-2.261786166666667,1.9704880000000002,-0.0030564999999999633,-0.003459683333333333
196,11.76,-2.7128255000000006,2.102348166666667,-0.0032780999999999635,-0.004241366666666667
197,11.82,-3.2521448333333334,2.109078166666667,-0.0032861999999999605,-0.005070333333333332
198,11.88,-3.4956501666666666,2.0277268333333334,-0.003149733333333282,-0.005399933333333334
199,11.94,-3.5201933333333337,1.8654696666666668,-0.0029072499999999667,-0.00549025
200,12.0,-2.8991116666666668,1.9084781666666666,-0.002963883333333289,-0.004470533333333334
201,12.06,-2.4918141666666673,1.8433928333333334,-0.0028616333333333,-0.003832083333333333
202,12.12,-2.670555666666667,1.8115985000000003,-0.0028331833333332954,-0.004217516666666667
203,12.18,-3.113324166666667,1.779915666666667,-0.002767483333333306,-0.004822316666666668
204,12.24,-3.688525166666667,1.7357356666666666,-0.0027014166666666207,-0.005733199999999999
205,12.3,-3.612581833333333,1.7781930000000004,-0.0027747833333332883,-0.005652483333333334
206,12.36,-3.9677631666666664,1.6459400000000002,-0.002549249999999967,-0.006100466666666666
207,12.42,-4.1930510000000005,1.5507968333333333,-0.00242889999999998,-0.006605133333333332
208,12.48,-4.212038333333334,1.5371848333333336,-0.0023878999999999554,-0.006524233333333333
209,12.54,-5.1153443333333355,1.5674080000000001,-0.0024342166666666463,-0.007926349999999999
210,12.6,-5.7675375,1.6182220000000003,-0.0025261833333332846,-0.009016066666666666
211,12.66,-6.132774666666667,1.5145073333333336,-0.00236306666666663,-0.009577116666666668
212,12.72,-6.198341,1.4352491666666665,-0.0022307833333333068,-0.009624766666666666
213,12.78,-6.082613666666666,1.5006355,-0.0023485166666666344,-0.009540283333333333
214,12.84,-5.9265731666666674,1.6501678333333336,-0.0025619833333333053,-0.00918325
215,12.9,-6.5316515,1.870237,-0.0029125833333332935,-0.010170283333333335
216,12.96,-6.787845333333334,1.9620851666666672,-0.003059933333333293,-0.010593700000000001
217,13.02,-6.986067166666669,2.1559675,-0.0033497166666666364,-0.010834483333333337
218,13.08,-6.933800166666667,2.2609978333333336,-0.0035328499999999724,-0.010859633333333332
219,13.14,-6.6709005,2.384468499999999,-0.0036997333333333047,-0.010314850000000002
220,13.2,-6.4689915,2.5746663333333335,-0.003991916666666628,-0.009981700000000001
221,13.26,-6.745580666666668,2.5261204999999993,-0.003968099999999967,-0.01067943333333333
222,13.32,-6.460691166666667,2.339041666666667,-0.0036370333333332803,-0.010028883333333334
223,13.38,-6.376007833333333,2.0349806666666668,-0.0031528833333333006,-0.009839900000000002
224,13.44,-6.611819166666668,1.6370481666666663,-0.002554949999999965,-0.0103278
225,13.5,-6.863305833333333,1.4433883333333337,-0.0022436833333333147,-0.01066235
226,13.56,-7.487334333333335,1.1419745000000001,-0.0017750666666666282,-0.011640283333333336
227,13.62,-7.694705000000003,1.1008153333333335,-0.0017238833333332666,-0.012048533333333332
228,13.68,-7.4334835,1.2297164999999999,-0.0019042999999999667,-0.011504416666666665
229,13.74,-7.087252833333333,1.010292666666667,-0.0015543333333332902,-0.010908600000000001
230,13.8,-6.519595833333333,0.529663,-0.000832616666666625,-0.010211733333333332
231,13.86,-5.9858775,0.05328416666666673,-7.699999999999e-05,-0.00927503333333333
232,13.92,-5.419527,-0.19859566666666648,0.0003104166666666217,-0.008433266666666666
233,13.98,-4.847280333333333,-0.2619136666666665,0.0004118666666666233,-0.007517283333333334
234,14.04,-4.306635000000001,-0.27006566666666654,0.0004232499999999533,-0.006686966666666666
235,14.1,-3.228110333333334,-0.23470166666666653,0.00036629999999995,-0.0050227000000000015
236,14.16,-1.990956166666667,0.12562900000000016,-0.0001886666666666416,-0.003052466666666665
237,14.22,-0.9587358333333339,0.38843733333333336,-0.0005990499999999483,-0.0014549166666666614
238,14.28,0.657558166666666,0.4477161666666668,-0.0006975833333332817,0.0010232499999999144
239,14.34,2.0296211666666664,0.39434233333333346,-0.0006201499999999516,0.003128349999999904
240,14.4,3.069838499999999,0.48040233333333343,-0.000739049999999955,0.004831133333333247
241,14.46,3.9459458333333326,0.40421116666666673,-0.00063154999999996,0.006137049999999912
242,14.52,5.208277833333333,0.5014826666666667,-0.0007770999999999532,0.008132233333333254
243,14.58,6.196465333333333,0.5105788333333334,-0.0007938833333332834,0.009659066666666584
244,14.64,6.995364333333333,0.41029500000000013,-0.00064779999999996,0.010856999999999924
245,14.7,7.855793666666665,0.7232918333333335,-0.0010949833333332949,0.012360049999999902
246,14.76,7.900757333333332,0.07072066666666675,-0.00011481666666668,0.012262816666666567
247,14.82,9.054763666666664,0.10863200000000009,-0.000154716666666625,0.0141641499999999
248,14.88,10.641218166666667,-0.007070499999999921,1.7249999999991634e-05,0.01660319999999991
249,14.94,10.377147333333333,0.29188366666666676,-0.00047911666666662005,0.016068383333333245
250,15.0,9.490030166666665,-0.052118666666666556,7.236666666665503e-05,0.014744366666666568
251,15.06,8.658021666666667,-0.24655866666666656,0.00038168333333328655,0.013474599999999897
252,15.12,7.718291166666666,-0.3153028333333332,0.0004947999999999584,0.012042216666666572
253,15.18,6.7015245,-0.28057383333333324,0.00043828333333329665,0.010445599999999913
254,15.24,6.275014833333333,-0.39195816666666644,0.0006103666666666349,0.009773449999999925
255,15.3,5.089639999999998,-0.3636259999999999,0.0005670999999999565,0.007932049999999916
256,15.36,3.5557765,-0.11882566666666654,0.00018638333333329836,0.005546283333333241
257,15.42,2.920497833333333,-0.02572866666666657,3.254999999998831e-05,0.0045030666666665935
258,15.48,3.570417499999999,-0.22988716666666645,0.00035644999999995844,0.00555128333333324
259,15.54,4.175925666666667,-0.10434899999999984,0.0001763499999999467,0.006585716666666574
260,15.6,4.411737833333333,0.03261900000000016,-4.921666666664999e-05,0.006881233333333244
261,15.66,4.589211166666666,0.34478516666666675,-0.0005498999999999518,0.0070818833333332444
262,15.72,4.855897,0.30342666666666673,-0.0004600499999999483,0.007629649999999911
263,15.78,4.354448166666667,0.37654183333333346,-0.0005854166666666116,0.006789716666666571
264,15.84,4.509910166666666,0.49137883333333343,-0.0007702499999999635,0.0070006333333332465
265,15.9,4.9991141666666685,0.36980033333333334,-0.00057008333333328,0.007817099999999922
266,15.96,4.462712833333332,0.5205860000000001,-0.0008216999999999484,0.0068977333333332495
267,16.02,3.9811118333333324,0.7151060000000001,-0.0011041166666666132,0.0062500833333332395
268,16.08,2.580735833333333,0.7763726666666669,-0.0011914166666666252,0.004111566666666577
269,16.14,1.1573718333333332,1.0126831666666667,-0.001587066666666613,0.0017536166666665732
270,16.2,1.1894609999999992,0.5519638333333333,-0.0008578999999999583,0.0018623666666665835
271,16.26,1.5132683333333325,0.16972316666666679,-0.00026828333333326666,0.0023329499999999084
272,16.32,2.237259333333333,0.3549628333333334,-0.000535516666666625,0.0035837333333332434
273,16.38,1.9439541666666662,0.5646048333333334,-0.0008781166666666249,0.003036216666666583
274,16.44,1.4973846666666661,0.9633563333333333,-0.0015020333333332968,0.0023256499999999105
275,16.5,1.680028666666666,1.1179705000000004,-0.0017371999999999767,0.0026383999999999084
276,16.56,1.6448114999999992,1.1065135000000004,-0.001712683333333288,0.002616466666666588
277,16.62,0.6521436666666662,1.3538405000000002,-0.0020917833333332953,0.0010998999999999146
278,16.68,-0.8254916666666671,1.7578991666666668,-0.0027502499999999654,-0.0013437333333333283
279,16.74,-2.099300166666667,2.2238665,-0.0034774499999999544,-0.0033329333333333303
280,16.8,-2.5988103333333337,2.5141253333333333,-0.003901499999999968,-0.003981083333333334
281,16.86,-2.7676901666666676,2.098437,-0.0032727166666666235,-0.004332516666666666
282,16.92,-2.910567500000001,1.7287688333333335,-0.0026989833333332935,-0.00456535
283,16.98,-3.1397660000000007,1.6698549999999999,-0.0025954166666666196,-0.004860516666666666
284,17.04,-3.7757375,1.8526808333333338,-0.002892266666666636,-0.005914866666666667
285,17.1,-4.325900833333334,1.8182601666666662,-0.0028216499999999716,-0.006680850000000001
286,17.16,-4.8704915,1.6268463333333334,-0.002539966666666635,-0.007621766666666667
287,17.22,-4.6817788333333334,1.6494205000000004,-0.002555083333333296,-0.007217716666666666
288,17.28,-5.0911438333333345,2.0390748333333333,-0.003179166666666638,-0.007944600000000001
289,17.34,-5.210926499999999,2.4756144999999994,-0.0038486166666666286,-0.008080283333333334
290,17.4,-4.771291833333334,2.482872,-0.00387289999999996,-0.007458316666666668
291,17.46,-4.266643166666667,2.4466858333333334,-0.0037975833333333013,-0.006580383333333333
292,17.52,-3.6789406666666675,2.353910333333333,-0.0036748166666666347,-0.005770133333333333
293,17.58,-2.1553400000000007,2.3307771666666666,-0.003630499999999962,-0.0033570499999999964
294,17.64,-0.5571555000000004,2.0563715,-0.0031776999999999517,-0.0007516333333333307
295,17.7,0.4861431666666662,1.8763478333333332,-0.0029272333333332967,0.0007378666666665699
296,17.76,1.1069808333333326,1.8241716666666667,-0.0028755333333332937,0.001573033333333245
297,17.82,1.2915769999999998,1.679080333333334,-0.0025957499999999588,0.002102716666666583
298,17.88,0.04539449999999938,1.3968601666666667,-0.0021717666666666246,8.96999999999549e-05
299,17.94,-0.6487596666666671,1.4010688333333334,-0.0021917666666666333,-0.0010575166666666634
300,18.0,-1.3943895000000004,1.2319838333333335,-0.001911666666666625,-0.0021319666666666636
301,18.06,-2.841648666666667,1.1190609999999999,-0.0017297833333332886,-0.004350049999999997
302,18.12,-4.039590166666667,1.0169698333333335,-0.0015968166666666366,-0.006370383333333332
303,18.18,-4.395010500000001,0.9094340000000002,-0.0014167833333332967,-0.006846833333333333
304,18.24,-3.535143500000001,0.5868890000000001,-0.00091834999999995,-0.005534183333333334
305,18.3,-2.379021333333333,0.3691185000000002,-0.0005684166666666167,-0.0036637166666666637
306,18.36,-1.8467243333333339,0.9249278333333335,-0.0014324833333332868,-0.0028259833333333303
307,18.42,-1.2579096666666671,1.294509666666667,-0.0020117333333332984,-0.0019359333333333316
308,18.48,-1.9048720000000003,1.6976868333333335,-0.002632666666666637,-0.0029068666666666617
309,18.54,-2.619545333333334,1.8947815,-0.002958383333333293,-0.004115283333333331
310,18.6,-2.6510720000000005,2.159398833333334,-0.0033675833333332893,-0.004148683333333333
311,18.66,-1.9778750000000003,2.5094648333333334,-0.0038944333333332964,-0.0030163333333333335
312,18.72,-0.9549748333333338,2.6609295,-0.004131183333333301,-0.001429333333333328
313,18.78,-0.2860623333333339,2.569974666666667,-0.004018916666666638,-0.0005104000000000036
314,18.84,0.23845849999999919,2.427322166666666,-0.003766566666666625,0.0004321999999999016
315,18.9,0.04207366666666587,2.191799166666667,-0.0034062833333333045,9.988333333328458e-05
316,18.96,-0.5153441666666675,1.7987773333333335,-0.002802333333333296,-0.0008040666666666568
317,19.02,-1.078639833333334,1.5074868333333333,-0.0023445499999999453,-0.0016619999999999983
318,19.08,-1.1980651666666675,1.365869666666667,-0.002129049999999968,-0.0018731166666666646
319,19.14,-1.693120333333334,1.3888891666666667,-0.0021613999999999614,-0.002626766666666667
320,19.2,-1.9910091666666674,1.6270306666666665,-0.00253551666666663,-0.003106783333333333
321,19.26,-1.5397618333333343,1.7219513333333332,-0.0026758666666666367,-0.0023664999999999997
322,19.32,-0.8725608333333336,1.5346903333333333,-0.0023877499999999615,-0.0013450999999999951
323,19.38,-0.28652066666666703,1.5499778333333332,-0.002412216666666625,-0.000435516666666662
324,19.44,0.1672726666666661,1.4254191666666667,-0.0022115833333333098,0.0003045166666665894
325,19.5,0.23096899999999934,1.438155666666667,-0.002241083333333298,0.0003557499999999116
326,19.56,-0.3694980000000006,1.8975454999999999,-0.0029469666666666248,-0.0005345833333333319
327,19.62,-0.7508178333333336,2.108916,-0.0032928666666666214,-0.0012048999999999964
328,19.68,-0.031244333333333964,2.1798355000000007,-0.003394616666666628,-4.4633333333368595e-05
329,19.74,0.8317633333333329,2.1204205,-0.0032985499999999652,0.0013144833333332386
330,19.8,0.7410388333333325,2.0253913333333333,-0.003141116666666633,0.0012144833333332403
331,19.86,-0.1164373333333334,1.9597643333333332,-0.003049349999999962,-0.00016568333333334562
332,19.92,0.19847633333333256,1.826275666666667,-0.0028610166666666274,0.00023438333333327774
333,19.98,0.780431166666666,1.5384433333333338,-0.0023910166666666266,0.001242199999999905
334,20.04,0.8717403333333336,1.3051439999999999,-0.0020217666666666333,0.001413616666666575
335,20.1,1.3810481666666659,1.1700460000000001,-0.0018241666666666183,0.0021434666666665728
336,20.16,2.396626166666666,1.076428666666667,-0.0016761666666666117,0.0037361333333332455
337,20.22,3.3653541666666658,1.0689218333333337,-0.0016609166666666185,0.005261766666666573
338,20.28,3.9052083333333325,0.8669801666666667,-0.0013621666666666216,0.006027983333333247
339,20.34,4.309225999999999,0.5278728333333336,-0.0008176666666666249,0.006735283333333235
340,20.4,4.669266333333331,0.22543733333333354,-0.0003467999999999583,0.007297016666666575
341,20.46,5.0462964999999995,-0.0741323333333331,0.00011648333333329669,0.007866133333333249
342,20.52,5.400896333333333,-0.16629099999999988,0.00026111666666662163,0.008425533333333254
343,20.58,5.842838333333333,-0.03319033333333323,4.794999999999168e-05,0.009081666666666599
344,20.64,6.194721499999998,-0.06907599999999986,0.00010976666666661997,0.00966136666666658
345,20.7,6.4740461666666675,0.07235233333333345,-0.00011058333333330834,0.010095583333333259
346,20.76,6.405429166666666,0.06992266666666673,-0.0001087333333333,0.009979033333333248
347,20.82,6.043604,-0.16368216666666652,0.00025743333333328665,0.009427399999999924
348,20.88,6.178738166666666,-0.06607899999999987,0.00010593333333330333,0.009640383333333257
349,20.94,5.809069666666665,-0.11170883333333315,0.00017426666666661003,0.009049399999999914
350,21.0,5.756964833333331,0.08312433333333337,-0.00012094999999997501,0.009011816666666582
351,21.06,6.148942333333332,0.38398416666666685,-0.000599699999999945,0.00957226666666658
352,21.12,6.176598833333332,0.7090770000000001,-0.0011166833333332903,0.009567266666666586
353,21.18,5.668831833333332,0.8933421666666669,-0.0013738666666666232,0.008907433333333265
354,21.24,5.6896466666666665,1.023347166666667,-0.0015935166666666317,0.008865349999999918
355,21.3,5.841244500000001,1.1618928333333332,-0.0018031833333332849,0.009126266666666593
356,21.36,5.635614333333333,1.2280623333333334,-0.0019100333333332933,0.008790266666666595
357,21.42,5.3406821666666655,0.9348428333333335,-0.0014643666666666352,0.008283183333333255
358,21.48,5.256514499999998,1.0037376666666669,-0.0015599999999999568,0.008202983333333264
359,21.54,4.821572166666667,0.9172921666666668,-0.0014170166666666248,0.007564166666666582
360,21.6,3.979520333333333,0.9680691666666669,-0.00150493333333329,0.006213133333333242
361,21.66,2.7624823333333333,1.0027119999999998,-0.001557833333333278,0.004323016666666574
362,21.72,1.7367943333333327,1.1818611666666667,-0.0018527333333332834,0.0026482833333332464
363,21.78,1.9742148333333325,1.3828686666666667,-0.0021502333333332877,0.0030930499999999007
364,21.84,2.5486873333333326,1.2515741666666667,-0.0019441666666666381,0.003995383333333244
365,21.9,3.0033003333333332,1.1573190000000007,-0.0017991166666666133,0.004694733333333251
366,21.96,3.302672499999998,1.0176043333333333,-0.0015902333333332917,0.005120583333333244
367,22.02,3.6040844999999995,0.9424618333333333,-0.0014654833333332849,0.005626216666666582
368,22.08,3.580053666666666,0.9381108333333334,-0.0014512333333333083,0.005624199999999914
369,22.14,3.3296639999999997,0.9000811666666668,-0.0014027666666666335,0.005183299999999911
370,22.2,2.577387999999999,0.9948798333333335,-0.0015619833333332936,0.003955249999999909
371,22.26,1.6542516666666662,0.984108166666667,-0.001519849999999975,0.002644266666666575
372,22.32,-0.26908683333333383,0.9603206666666668,-0.001485433333333292,-0.0003623166666667002
373,22.38,-2.482469333333334,1.1873004999999996,-0.001861899999999947,-0.003937566666666665
374,22.44,-3.284167833333334,1.2207951666666668,-0.0018960666666666167,-0.005083416666666665
375,22.5,-4.059109500000001,0.9767183333333335,-0.0015226333333332816,-0.0063311500000000015
376,22.56,-4.330828333333334,0.8724735,-0.0013647333333333,-0.00678155
377,22.62,-4.105037666666667,0.6756786666666668,-0.0010462166666666119,-0.00635295
378,22.68,-3.5401811666666676,0.7069031666666669,-0.0010986333333332867,-0.005498283333333334
379,22.74,-3.1071703333333343,0.7191721666666667,-0.0011165166666666153,-0.004816383333333332
380,22.8,-3.098479166666667,0.7827238333333335,-0.001219266666666625,-0.0048274166666666665
381,22.86,-2.7270056666666673,0.8659958333333334,-0.001352316666666628,-0.004268499999999999
382,22.92,-1.9567686666666675,1.0659428333333334,-0.0016590166666666185,-0.0030406833333333333
383,22.98,-0.9488591666666671,1.125385833333333,-0.0017487166666666082,-0.0014549333333333248
384,23.04,-0.349004333333334,1.070897166666667,-0.0016675833333332651,-0.000540883333333325
385,23.1,-0.019406000000000447,0.9206475000000002,-0.0014371666666666363,-4.67166666666752e-05
386,23.16,-0.1066930000000006,0.7275733333333335,-0.0011137666666666316,-5.4383333333351526e-05
387,23.22,-0.7337546666666671,0.3011575000000002,-0.0004769333333332917,-0.001196699999999993
388,23.28,-1.0706300000000004,-0.044545333333333194,5.466666666665329e-05,-0.0017706166666666618
389,23.34,-0.742829666666667,-0.2948866666666666,0.00047584999999996665,-0.0010342333333333265
390,23.4,-0.45068916666666753,-0.35910466666666657,0.0005528499999999616,-0.0007501999999999948
391,23.46,0.21938083333333283,-0.26166199999999984,0.00041189999999995835,0.0003710333333332564
392,23.52,0.19593783333333298,-0.16234466666666655,0.00025946666666662503,0.0003509499999999194
393,23.58,0.03382583333333291,-0.08153099999999984,0.00011969999999996996,2.9666666666485485e-06
394,23.64,0.05576333333333278,0.03606333333333344,-4.564999999999667e-05,0.00015686666666660096
395,23.7,-0.0028745000000004826,0.12766550000000007,-0.00020099999999996165,-1.8033333333359102e-05
396,23.76,0.5874523333333326,0.06516400000000006,-9.883333333331164e-05,0.0009326499999999082
397,23.82,0.7700398333333329,-0.11977949999999984,0.00019219999999996,0.001237033333333235
398,23.88,0.7537759999999996,0.00013266666666677762,-3.2000000000166436e-06,0.001153733333333247
399,23.94,0.870781499999999,0.3404791666666668,-0.0005257166666666165,0.0013847333333332499
400,24.0,0.7919358333333331,0.618400166666667,-0.0009632333333332934,0.0012328166666665666
401,24.06,0.6096823333333325,0.8984078333333334,-0.0013961999999999816,0.000966583333333245
402,24.12,0.38823033333333284,0.9566550000000001,-0.001480499999999955,0.0006568166666665801
403,24.18,0.27554599999999924,1.1223513333333335,-0.0017438666666666385,0.0004529499999999067
404,24.24,0.5570321666666662,1.2002488333333334,-0.0018800833333332849,0.00081473333333324
405,24.3,0.7750069999999992,1.3857331666666668,-0.0021595166666666245,0.0012019499999999103
406,24.36,0.8062234999999994,1.4403911666666667,-0.0022288166666666284,0.0013281999999999049
407,24.42,0.7277293333333328,1.2887316666666668,-0.0020090999999999677,0.0011251999999999053
408,24.48,0.8548816666666659,1.2532948333333336,-0.0019507999999999798,0.0013391999999999064
409,24.54,0.9552454999999996,1.016716,-0.0015886166666666363,0.0014626833333332367
410,24.6,1.5235046666666665,0.8763785000000001,-0.0013691166666666298,0.002352633333333242
411,24.66,2.2846361666666657,0.6629405000000003,-0.00102599999999996,0.003593966666666576
412,24.72,3.086836666666666,0.4801590000000001,-0.0007431166666666233,0.004834216666666585
413,24.78,4.049191833333333,0.5192435000000002,-0.0008025333333332901,0.006339149999999911
414,24.84,4.757702499999998,0.626589666666667,-0.0009716166666666168,0.0074322833333332495
415,24.9,5.606161833333332,0.5414343333333336,-0.0008461166666666001,0.00871993333333326
416,24.96,6.495329,0.34625350000000005,-0.00053343333333328,0.010145866666666592
417,25.02,7.2558039999999995,0.14033100000000007,-0.00020603333333330169,0.011362016666666577
418,25.08,8.007837499999999,-0.40800949999999986,0.00064334999999995,0.012511949999999902
419,25.14,8.994150999999997,-0.956954,0.0014822499999999665,0.013958516666666568
420,25.2,10.791318166666665,-1.0688876666666665,0.0016842833333332865,0.01691521666666658
421,25.26,11.478340833333336,-1.3301781666666663,0.0020565666666666348,0.017790433333333244
422,25.32,12.493963500000001,-1.7078086666666663,0.0026513666666666655,0.01940808333333325
423,25.38,12.150866333333335,-1.9752166666666666,0.0030818999999999994,0.018962483333333245
424,25.44,11.4705235,-2.3772931666666666,0.003701466666666667,0.01785363333333326
425,25.5,10.879966666666665,-2.943381,0.004586966666666659,0.016974516666666585
426,25.56,10.359523666666666,-2.9828735000000006,0.004647533333333329,0.016154833333333243
427,25.62,9.1005995,-2.817790833333334,0.004386416666666653,0.014133583333333234
428,25.68,7.507279333333332,-2.839432833333334,0.0044229999999999955,0.01169548333333324
429,25.74,6.539113999999999,-2.393099666666666,0.00372814999999999,0.010190816666666585
430,25.8,6.4146703333333335,-1.7899701666666665,0.002788549999999998,0.009995333333333248
431,25.86,6.9149753333333335,-1.2950384999999998,0.002023316666666632,0.01081578333333324
432,25.92,6.7410334999999995,-0.8233723333333334,0.0012782999999999684,0.010474283333333261
433,25.98,6.2157515,-0.2979894999999999,0.00047121666666662007,0.009721199999999925
434,26.04,5.707255999999998,0.0210225000000001,-3.311666666666666e-05,0.008889249999999913
435,26.1,5.998537666666666,0.3679046666666667,-0.0005758166666666185,0.00933026666666659
436,26.16,6.849813166666666,0.6153000000000002,-0.000947549999999955,0.010716633333333246
437,26.22,7.389804999999999,1.1672056666666668,-0.0018161333333332967,0.011519533333333231
438,26.28,8.407303833333334,1.31148,-0.0020350666666666298,0.013123549999999899
439,26.34,9.476631333333332,1.2363009999999999,-0.001917633333333295,0.0147890999999999
440,26.4,9.607235499999998,1.3315745000000005,-0.002094833333333305,0.014897766666666567
441,26.46,10.324283333333334,1.2595526666666665,-0.0019511833333332935,0.016116633333333245
442,26.52,9.882686000000001,1.2931451666666665,-0.0020065166666666267,0.015419316666666568
443,26.58,9.4079405,1.1902226666666664,-0.0018557166666666202,0.014649099999999903
444,26.64,8.381338833333333,1.0143680000000002,-0.0015702333333332964,0.013092033333333234
445,26.7,7.191530666666667,0.6205044999999998,-0.0009749166666666151,0.011165999999999905
446,26.76,6.4234556666666665,0.2629913333333334,-0.0004086666666666249,0.01001111666666658
447,26.82,5.703050833333333,-0.37012933333333314,0.0005826166666666216,0.008918416666666587
448,26.88,5.0255893333333335,-0.7773751666666663,0.0012091166666666302,0.007815899999999919
449,26.94,5.208570166666665,-0.8516933333333332,0.001331699999999973,0.008147649999999906
450,27.0,4.8674184999999985,-0.7698729999999998,0.0012016499999999554,0.007598216666666582
451,27.06,3.940587666666666,-0.6658076666666666,0.0010370833333332933,0.00613808333333325
452,27.12,3.1266141666666667,-0.3877831666666664,0.0006028499999999482,0.0048624333333332475
453,27.18,2.7850323333333327,-0.03145683333333318,4.773333333332002e-05,0.00433106666666658
454,27.24,3.4187733333333328,0.012228333333333402,-1.8016666666659978e-05,0.005330416666666578
455,27.3,4.120068166666667,0.22357500000000013,-0.0003412166666666334,0.006455749999999905
456,27.36,4.730240833333332,0.540132,-0.000829649999999945,0.007425949999999908
457,27.42,4.298895499999999,0.7093366666666667,-0.0011179166666666117,0.006633449999999926
458,27.48,3.904690333333333,0.6928846666666669,-0.0010867833333332866,0.006046299999999905
459,27.54,3.0635516666666662,0.7450368333333335,-0.0011469166666666232,0.004841033333333241
460,27.6,2.2370386666666655,0.8518778333333333,-0.0013280833333332751,0.0034789499999999048
461,27.66,1.7873114999999997,0.9379351666666668,-0.001461733333333295,0.0027806499999999067
462,27.72,1.3005774999999997,0.6600773333333334,-0.001027599999999955,0.0020287999999999066
463,27.78,0.6507294999999992,0.6513000000000003,-0.001027699999999965,0.0009392999999999101
464,27.84,0.4016888333333329,0.8501670000000001,-0.0013143999999999717,0.0006797999999999116
465,27.9,0.07990533333333291,0.8468579999999999,-0.0013161333333332982,0.00014084999999995168
466,27.96,-0.17004466666666712,0.9049630000000001,-0.0014088333333333,-0.00026059999999999853
467,28.02,-0.4480005000000006,0.8434305000000002,-0.00130911666666664,-0.0006711666666666636
468,28.08,-0.8214988333333337,0.6751345000000002,-0.0010564666666666232,-0.001307933333333322
469,28.14,-0.6982086666666674,1.0917913333333333,-0.0016965166666666203,-0.0010640499999999865
470,28.2,0.22019566666666607,1.5203046666666669,-0.002359233333333296,0.0003851833333332731
471,28.26,1.474232833333333,1.9650108333333334,-0.0030657333333333,0.002276699999999903
472,28.32,2.794528833333333,1.8624068333333335,-0.002901649999999966,0.004350683333333249
473,28.38,3.1444674999999997,1.6876553333333333,-0.0026250499999999582,0.004913983333333244
474,28.44,3.5898045,1.849462,-0.0028769333333333023,0.005607249999999907
475,28.5,3.0951221666666653,1.8339895000000002,-0.0028626833333332763,0.004795516666666579
476,28.56,2.6151243333333327,1.7182788333333332,-0.0026887666666666338,0.004021466666666573
477,28.62,2.3703095,1.6894331666666667,-0.002609149999999965,0.0037901333333332354
478,28.68,0.9944413333333327,1.6577431666666667,-0.0025782333333332816,0.0015663499999999052
479,28.74,0.39259099999999963,1.5585921666666667,-0.002443333333333305,0.0005371499999999117
480,28.8,0.6112539999999994,1.3669125000000002,-0.0021139833333332944,0.0010272666666665765
481,28.86,0.6542804999999994,0.8528518333333334,-0.0013345333333332947,0.0009861833333332385
482,28.92,0.7857364999999994,0.6152421666666666,-0.0009516333333332817,0.0012619499999999082
483,28.98,1.2259103333333328,0.7506773333333335,-0.001166099999999957,0.0019270666666665783
484,29.04,1.5674513333333322,0.8204931666666668,-0.0012724333333332914,0.0024709666666665763
485,29.1,1.5730928333333325,0.9103228333333336,-0.0014188833333332966,0.0024460999999999086
486,29.16,2.0466709999999995,1.2640780000000003,-0.0019670166666666215,0.0031974833333332383
487,29.22,2.5138053333333326,1.5090973333333335,-0.0023435666666666395,0.003947333333333249
488,29.28,2.5363966666666657,1.6858755000000003,-0.002622499999999953,0.003966199999999919
489,29.34,2.259003999999999,1.6947660000000002,-0.002643449999999966,0.003503166666666571
490,29.4,2.7830254999999986,1.6259779999999997,-0.00252504999999996,0.00436793333333324
491,29.46,3.262301,1.5275774999999996,-0.0023667666666666314,0.005136016666666584
492,29.52,3.192575499999999,1.4406481666666664,-0.0022682333333332904,0.004867266666666582
493,29.58,3.404378666666666,1.4539201666666666,-0.0022543499999999597,0.00534796666666658
494,29.64,3.421829166666666,1.3880975000000004,-0.002152549999999953,0.005372416666666572
495,29.7,3.5495818333333338,1.2949508333333333,-0.002013783333333303,0.005544633333333247
496,29.76,3.098529,1.3044378333333333,-0.00202204999999996,0.004871716666666582
497,29.82,2.4276525,1.3393295,-0.0021035499999999584,0.003702116666666582
498,29.88,2.5001489999999986,1.1286341666666668,-0.0017564833333332847,0.003902166666666582
499,29.94,3.078068999999999,0.9654003333333334,-0.0014984333333333015,0.004820366666666572
500,30.0,3.8115956666666664,0.7860736666666669,-0.0012211166666666285,0.005953683333333239
501,30.06,4.018757166666666,0.6981370000000001,-0.0010851333333332933,0.006271499999999903
502,30.12,4.538523999999999,0.6567966666666666,-0.0010263166666666468,0.007054783333333241
503,30.18,5.065603999999999,0.6397633333333332,-0.0009936333333332799,0.007905016666666587
504,30.24,4.835880833333333,0.594983666666667,-0.0009237499999999616,0.007547416666666581
505,30.3,4.834320666666667,0.7346861666666669,-0.0011508333333332967,0.007499966666666571
506,30.36,5.598723000000001,0.8243128333333335,-0.001277249999999955,0.008751066666666587
507,30.42,6.278965499999999,0.9720783333333336,-0.0015083666666666266,0.009804916666666582
508,30.48,6.487334833333333,1.2051399999999999,-0.0018710999999999585,0.010131016666666583
509,30.54,7.250413333333333,1.2895450000000002,-0.002029716666666627,0.011215383333333249
510,30.6,7.562998499999997,1.2196655000000003,-0.0018986166666666315,0.011785583333333235
511,30.66,7.894362999999999,1.163005666666667,-0.0018017333333332905,0.012333483333333232
512,30.72,7.8671611666666665,1.1688136666666666,-0.0018219666666666001,0.012249416666666565
513,30.78,7.469363833333333,0.9979433333333336,-0.0015437999999999648,0.011676999999999901
514,30.84,7.0130386666666675,0.7814731666666668,-0.0012242999999999584,0.010894999999999922
515,30.9,7.020410166666667,0.5023830000000001,-0.0007830333333332951,0.010934766666666583
516,30.96,6.810333666666667,0.2188513333333333,-0.00033693333333329004,0.01062751666666658
517,31.02,6.482931166666665,0.08642483333333334,-0.0001302333333333033,0.01012038333333325
518,31.08,5.931832999999999,-0.08808283333333322,0.00014028333333329505,0.009256083333333257
519,31.14,5.600916166666665,-0.24685949999999987,0.0003799833333332866,0.008698899999999914
520,31.2,5.732621666666666,-0.09820583333333317,0.00015896666666661167,0.008962283333333262
521,31.26,5.872825500000001,0.09460683333333345,-0.00014584999999996001,0.009156449999999918
522,31.32,6.243966666666665,0.3854796666666668,-0.0005849333333332898,0.009799766666666593
523,31.38,6.1938873333333335,0.609136,-0.0009574833333332816,0.009609883333333246
524,31.44,6.073770166666666,0.9394493333333334,-0.0014813499999999584,0.009384033333333253
525,31.5,6.431859499999999,1.0350340000000002,-0.0015948499999999587,0.010090616666666585
526,31.56,6.720640166666666,1.1702875000000001,-0.0018160333333333033,0.010496583333333254
527,31.62,6.688989666666667,1.0931018333333333,-0.0016977166666666099,0.010439033333333248
528,31.68,6.343101,0.8949335,-0.0013892833333332898,0.009900216666666576
529,31.74,5.4513748333333325,0.7196978333333334,-0.0011354999999999484,0.008425749999999916
530,31.8,5.258807833333334,0.5437493333333335,-0.0008480999999999418,0.008186366666666577
531,31.86,5.117281166666667,0.5130336666666667,-0.0007923833333332866,0.008004416666666585
532,31.92,5.347711333333333,0.5524386666666669,-0.0008639833333332817,0.008312849999999915
533,31.98,5.709063833333333,0.6845951666666669,-0.00105753333333329,0.008933499999999915
534,32.04,6.195344833333333,0.9002993333333333,-0.001403883333333303,0.009644433333333254
535,32.1,6.049860333333332,1.120828666666667,-0.00174366666666663,0.009433333333333248
536,32.16,5.599406,1.201184,-0.0018593666666666116,0.00877083333333325
537,32.22,5.7142281666666666,1.2835755000000002,-0.002005683333333282,0.008875766666666583
538,32.28,5.947598333333333,1.3512006666666665,-0.0021049666666666284,0.009263583333333244
539,32.34,5.549467333333333,1.2193903333333334,-0.0018868333333332897,0.008695433333333249
540,32.4,5.035524833333333,0.9929146666666665,-0.0015539333333333,0.007812083333333244
541,32.46,4.933781666666666,0.9549336666666666,-0.0014809499999999536,0.007714799999999911
542,32.52,4.8920861666666635,0.7187108333333334,-0.0011203166666666198,0.007616383333333252
543,32.58,4.835485499999999,0.6522228333333333,-0.0010204999999999568,0.007510599999999932
544,32.64,4.844896166666666,0.7256965,-0.0011235999999999534,0.007579266666666571
545,32.7,5.068976666666667,0.7753920000000001,-0.0012067333333332932,0.007900916666666591
546,32.76,4.887106166666666,0.8929978333333336,-0.0013876166666666365,0.007628383333333242
547,32.82,4.2221486666666665,0.9963003333333336,-0.0015492499999999645,0.00658941666666659
548,32.88,4.0382,0.9674976666666666,-0.001510316666666615,0.006276099999999914
549,32.94,4.286648333333333,0.958872,-0.0014838833333332998,0.006721416666666586
550,33.0,4.558462333333332,0.9497300000000001,-0.0014821333333332905,0.0070882499999999045
551,33.06,4.256678833333334,1.0923954999999999,-0.0017051666666666116,0.006615099999999908
552,33.12,3.5967211666666663,0.9821588333333335,-0.0015273833333332746,0.0056149666666665795
553,33.18,3.532238166666666,0.8590356666666668,-0.0013411999999999515,0.005487233333333247
554,33.24,3.7196678333333333,0.8965371666666667,-0.001384816666666622,0.005849533333333242
555,33.3,3.269082833333333,0.8161986666666668,-0.001274966666666635,0.005074399999999905
556,33.36,2.922056666666667,0.8688205,-0.0013595499999999687,0.004521099999999903
557,33.42,3.2173858333333327,0.8898948333333334,-0.0013828166666666252,0.005028099999999903
558,33.48,3.413101666666665,0.780069666666667,-0.0012116166666666331,0.005334083333333244
559,33.54,3.476499166666666,0.8324308333333337,-0.0012995333333332732,0.005401733333333246
560,33.6,3.448358666666666,0.9544123333333334,-0.0014834999999999614,0.005385983333333244
561,33.66,3.694131499999999,1.1121900000000005,-0.0017320333333332848,0.005756299999999908
562,33.72,3.6160203333333327,1.155926166666667,-0.001791949999999943,0.005672399999999913
563,33.78,3.1948893333333337,1.148984166666667,-0.0017808499999999632,0.005018099999999906
564,33.84,2.5295933333333327,1.0848881666666668,-0.0017094333333332902,0.003846033333333247
565,33.9,2.492267499999999,1.133696,-0.001765183333333293,0.0038852999999999045
566,33.96,2.633008,1.1096156666666668,-0.00172093333333329,0.004137233333333245
567,34.02,2.875097166666666,0.9491611666666667,-0.001476416666666633,0.004489049999999911
568,34.08,2.418563333333333,0.8848920000000002,-0.0013703999999999618,0.003807233333333238
569,34.14,2.291709499999999,0.8946311666666668,-0.0014077166666666236,0.0034983833333332415
570,34.2,2.7538291666666663,0.9566793333333332,-0.001480733333333293,0.0043360833333332405
571,34.26,3.113238666666666,1.0336174999999999,-0.0016068833333332797,0.004865249999999912
572,34.32,3.7283459999999993,1.301391,-0.002018149999999953,0.00584738333333324
573,34.38,3.887842166666666,1.3623723333333333,-0.00212041666666662,0.006064016666666576
574,34.44,4.367333666666666,1.676366833333334,-0.0026103333333332883,0.006806383333333251
575,34.5,4.561566,1.923159166666667,-0.00299024999999996,0.007125983333333246
576,34.56,4.019202333333333,2.1690141666666665,-0.0033771666666666403,0.006266616666666576
577,34.62,3.8232891666666666,2.3078603333333336,-0.0035903499999999683,0.00597289999999992
578,34.68,3.7214598333333333,2.150856666666667,-0.003336099999999971,0.005851149999999907
579,34.74,3.6174744999999997,2.0125878333333334,-0.003146549999999954,0.005590216666666577
580,34.8,2.918947166666666,1.8456541666666668,-0.0028738999999999666,0.004551316666666571
581,34.86,2.389326333333332,1.733299333333334,-0.0026952999999999483,0.0037415166666665716
582,34.92,2.817804333333333,1.6885495000000001,-0.0026284833333332994,0.004396916666666574
583,34.98,3.109199166666666,1.4600791666666666,-0.002266199999999952,0.0048791499999999155
584,35.04,3.044212333333333,1.1529643333333335,-0.0018059833333333,0.004694966666666584
585,35.1,3.2014879999999994,0.9429526666666667,-0.0014689833333332981,0.004986333333333234
586,35.16,3.288557166666666,0.6605743333333335,-0.00102176666666661,0.005159316666666575
587,35.22,3.5224265,0.6367950000000001,-0.0009913499999999616,0.005489733333333244
588,35.28,4.022053333333332,0.6593438333333334,-0.0010244333333332917,0.00627868333333324
589,35.34,4.019133833333332,0.7158278333333336,-0.0011108499999999651,0.006281616666666582
590,35.4,4.043715333333332,0.8010625,-0.001250916666666632,0.006283866666666593
591,35.46,4.545935166666667,0.9192860000000002,-0.0014275999999999599,0.0071010999999999045
592,35.52,4.859790999999999,0.9882801666666666,-0.0015366666666666198,0.007582583333333242
593,35.58,5.1894089999999995,1.0256665000000003,-0.0015972499999999548,0.008085349999999911
594,35.64,5.5254955,1.157338333333333,-0.0017965333333332932,0.00863359999999992
595,35.7,5.595913333333332,1.220458,-0.0018882333333332952,0.008770133333333261
596,35.76,5.711432499999999,1.3470443333333335,-0.0021175166666666232,0.008820599999999918
597,35.82,6.045021333333334,1.3696721666666671,-0.002131099999999953,0.009426049999999917
598,35.88,6.210043,1.4626533333333336,-0.002265149999999963,0.009723849999999933
599,35.94,6.343719833333335,1.3879300000000003,-0.0021628166666666244,0.009878899999999925
600,36.0,6.4528124999999985,1.2811393333333332,-0.0019899333333333086,0.010074133333333256
601,36.06,6.190387666666666,1.1895068333333336,-0.0018622999999999468,0.009605183333333262
602,36.12,6.043689,1.1509790000000002,-0.0017886999999999463,0.009431749999999909
603,36.18,5.342802166666666,1.0052673333333333,-0.0015546333333332854,0.008371316666666588
604,36.24,4.440126333333334,0.8068204999999999,-0.0012599166666666282,0.006901233333333247
605,36.3,4.469934333333332,0.6451418333333334,-0.0010056499999999567,0.006959483333333244
606,36.36,4.502030333333333,0.5110868333333334,-0.000794649999999955,0.007020099999999927
607,36.42,5.037850500000001,0.7749341666666669,-0.0012082499999999735,0.007841766666666578
608,36.48,5.503636999999998,0.7607388333333335,-0.0011814666666666181,0.008588999999999928
609,36.54,5.833236333333333,0.9111771666666669,-0.0014250999999999567,0.009061716666666582
610,36.6,5.9692108333333325,0.9947896666666666,-0.0015514999999999635,0.009290849999999922
611,36.66,6.155131166666665,1.0426318333333335,-0.0016189666666666163,0.009609466666666578
612,36.72,6.440257166666667,1.1005838333333338,-0.0017035499999999584,0.01007578333333325
613,36.78,6.5781494999999985,1.3437028333333332,-0.0020929333333332936,0.010248049999999918
614,36.84,6.831439666666666,1.4260138333333332,-0.002240933333333311,0.01056798333333325
615,36.9,6.903142333333334,1.5709888333333333,-0.0024376666666666297,0.010787566666666581
616,36.96,6.302311333333332,1.472673166666667,-0.0022853499999999616,0.009849199999999916
617,37.02,5.729822333333333,1.2713878333333333,-0.001977549999999957,0.008937349999999922
618,37.08,4.966404666666666,1.1732896666666666,-0.0018216166666666133,0.00776124999999992
619,37.14,4.028060999999999,0.9734295000000001,-0.0015235499999999569,0.006240716666666581
620,37.2,3.552663833333333,0.8128354999999999,-0.0012647499999999601,0.005541166666666569
621,37.26,3.5605766666666665,0.7874436666666668,-0.0012259833333332882,0.005549316666666578
622,37.32,4.024672666666667,0.8569846666666668,-0.0013197833333332936,0.006341099999999922
623,37.38,4.722561499999999,1.0403556666666667,-0.0016212333333332767,0.007353133333333252
624,37.44,5.143838166666667,1.1218793333333335,-0.0017479833333332866,0.008011133333333262
625,37.5,5.483820333333332,1.3060854999999998,-0.002033133333333305,0.008547166666666578
626,37.56,5.628133333333332,1.2904625,-0.0020069999999999697,0.008779916666666585
627,37.62,5.938484666666667,1.4272325000000001,-0.002220649999999963,0.009260566666666572
628,37.68,5.977449666666666,1.459310166666667,-0.002261033333333305,0.00935749999999993
629,37.74,5.85835,1.4140653333333335,-0.0022039499999999654,0.009119783333333246
630,37.8,5.207731833333331,1.2750283333333334,-0.00199583333333329,0.008072333333333247
631,37.86,4.222899333333333,1.5691670000000002,-0.0024306833333332936,0.006633883333333246
632,37.92,3.976660666666667,1.7703556666666669,-0.0027658666666666313,0.006161999999999917
633,37.98,4.3137523333333325,1.9220871666666668,-0.0029824833333333047,0.006763999999999906
634,38.04,4.559018666666666,1.7753471666666667,-0.0027702333333332854,0.00708284999999991
635,38.1,4.445194666666665,1.5509038333333331,-0.0024199499999999546,0.0069077333333332465
636,38.16,4.038900166666666,1.3191648333333332,-0.0020508499999999613,0.0063088333333332445
637,38.22,3.7780111666666656,1.1577481666666667,-0.0018004833333332914,0.005898566666666571
638,38.28,3.487410666666666,0.9916113333333334,-0.0015414999999999498,0.0054473499999999194
639,38.34,3.4168016666666667,0.9122550000000003,-0.0014201333333333003,0.005326049999999904
640,38.4,3.1593541666666667,0.6729193333333334,-0.0010499833333332766,0.004912116666666588
641,38.46,3.091167666666666,0.6040083333333335,-0.0009402666666666198,0.004818283333333248
642,38.52,2.952726666666666,0.5421845000000001,-0.0008444166666666217,0.00460014999999991
643,38.58,3.1380019999999997,0.5291870000000001,-0.0008220833333333066,0.004899183333333255
644,38.64,2.854007999999999,0.7480278333333334,-0.0011533666666666267,0.004506199999999913
645,38.7,2.306854999999999,0.7315561666666668,-0.0011503833333332849,0.0035363166666665747
646,38.76,1.5967079999999991,0.932679166666667,-0.0014595833333332982,0.00245196666666657
647,38.82,1.019566166666666,0.9833296666666668,-0.0015170166666666303,0.0016655166666665784
648,38.88,0.5883681666666664,1.0418436666666666,-0.0016274666666666181,0.00089188333333324
649,38.94,0.30300183333333314,1.2235939999999998,-0.0018999666666666166,0.0005027333333332417
650,39.0,0.16655283333333287,1.3785565000000004,-0.00215291666666663,0.00023226666666657477
651,39.06,0.07498149999999949,1.7104753333333336,-0.0026651166666666107,0.00011296666666662336
652,39.12,0.28507083333333294,1.8327678333333333,-0.0028503166666666315,0.00046546666666657323
653,39.18,0.5227603333333328,1.842238833333333,-0.0028696499999999554,0.0008143166666665801
654,39.24,0.46089516666666586,1.8704600000000007,-0.002907066666666612,0.0007478499999999049
655,39.3,0.19550799999999935,1.8341163333333337,-0.002861783333333295,0.0002824666666665684
656,39.36,0.006870833333332671,1.8179896666666668,-0.002823366666666633,5.084999999995114e-05
657,39.42,-0.39715950000000066,1.7706383333333335,-0.002760416666666625,-0.00062978333333333
658,39.48,-0.7337686666666671,1.7978435,-0.002799483333333302,-0.0011378166666666633
659,39.54,-1.3274410000000008,1.8850148333333334,-0.0029276166666666326,-0.0020261
660,39.6,-1.8679918333333343,2.062316,-0.003207599999999958,-0.002886333333333333
661,39.66,-1.7563036666666672,2.0939105000000002,-0.003283499999999971,-0.0028387333333333253
662,39.72,-1.433200833333334,2.119858666666667,-0.003293516666666635,-0.002193183333333325
663,39.78,-1.257500333333334,2.2465243333333333,-0.0034892666666666286,-0.0019124333333333185
664,39.84,-0.5531650000000004,2.3084944999999997,-0.0036017999999999628,-0.0008875833333333286
665,39.9,0.049506666666665824,2.158264333333334,-0.0033456833333332958,0.000148399999999934
666,39.96,-0.02417433333333407,2.1054378333333332,-0.0032968499999999645,-0.00011411666666665923
667,40.02,0.34859033333333256,2.1209523333333333,-0.0033061999999999497,0.0005324833333332532
668,40.08,0.5412959999999993,1.6923273333333335,-0.0026228999999999467,0.0009035999999999101
669,40.14,0.20541116666666615,1.1883161666666666,-0.0018470166666666335,0.00034088333333326295
670,40.2,-0.5135215000000006,1.0338420000000004,-0.0016018166666666265,-0.0007531499999999985
671,40.26,-0.7773350000000008,0.9456000000000001,-0.0014790833333333015,-0.0012448999999999987
672,40.32,-0.16382783333333387,1.0394271666666666,-0.0016160499999999598,-0.00023891666666668056
673,40.38,0.2765113333333326,1.0368765000000004,-0.0016064333333332922,0.0004770999999999167
674,40.44,0.40403483333333257,1.1229921666666667,-0.0017452666666666317,0.000649516666666575
675,40.5,0.8310878333333328,1.2541006666666663,-0.0019476666666666232,0.0013237333333332385
676,40.56,1.5506503333333332,1.2818913333333337,-0.0019953499999999552,0.0024232999999999195
677,40.62,2.2230383333333332,1.4644246666666667,-0.0022996499999999457,0.00337809999999991
678,40.68,2.864778833333333,1.4592210000000003,-0.002258433333333295,0.004527066666666574
679,40.74,3.884541499999999,1.3853941666666667,-0.002155416666666615,0.0060619166666665844
680,40.8,4.610693333333333,1.3367935000000004,-0.002073583333333295,0.007219116666666571
681,40.86,5.049677666666666,1.3154970000000001,-0.002064433333333288,0.00780273333333325
682,40.92,5.415841833333332,1.5307031666666668,-0.0023898333333332916,0.008414799999999924
683,40.98,5.5117614999999995,1.5520445,-0.002410083333333297,0.008614533333333252
684,41.04,5.416521666666666,1.623737,-0.0025234333333333104,0.008459966666666584
685,41.1,5.095584499999999,1.9069991666666666,-0.002972816666666625,0.007928916666666582
686,41.16,4.971569999999999,1.8987951666666667,-0.0029555333333332865,0.007752733333333243
687,41.22,4.716281333333331,2.0240805000000006,-0.0031583333333332917,0.007326549999999915
688,41.28,4.679383666666666,2.1238848333333338,-0.003304866666666629,0.007301816666666583
689,41.34,4.764404,2.2060519999999997,-0.0034326999999999635,0.0074344333333332385
690,41.4,4.3473975,2.068512833333333,-0.003217949999999955,0.006787833333333244
691,41.46,3.655771166666666,1.7107396666666663,-0.0026644666666666415,0.005696549999999923
692,41.52,3.7909649999999995,1.785965166666667,-0.0027799999999999583,0.005912866666666587
693,41.58,3.7014081666666665,1.8850403333333332,-0.002946666666666618,0.005724666666666576
694,41.64,3.1759726666666666,1.8900326666666671,-0.002931549999999962,0.004998766666666583
695,41.7,2.2858958333333335,1.8094370000000002,-0.0028203333333332993,0.003553049999999908
696,41.76,1.962527499999999,1.8444928333333335,-0.002872399999999965,0.0030602833333332464
697,41.82,1.346965499999999,1.6611179999999999,-0.0025806833333332983,0.0021293166666665714
698,41.88,0.6531066666666657,1.4145608333333333,-0.002206733333333306,0.0010011999999999098
699,41.94,0.5687999999999995,1.3399923333333337,-0.0020920499999999564,0.0008625166666665666
700,42.0,0.7942214999999995,1.3691520000000001,-0.002129699999999956,0.0012514499999999066
701,42.06,0.9475056666666657,1.4619943333333334,-0.002280099999999947,0.0014622333333332398
702,42.12,1.281205333333333,1.534660666666667,-0.0023786999999999676,0.0020510499999999033
703,42.18,1.5795404999999998,1.4789338333333335,-0.0023088666666666235,0.0024364166666665786
704,42.24,2.204739666666666,1.3739621666666673,-0.0021431999999999636,0.0034200499999999068
705,42.3,3.030619333333332,1.4329153333333333,-0.0022277833333332964,0.004739566666666572
706,42.36,3.6933688333333325,1.2427185,-0.0019430833333332967,0.005720583333333247
707,42.42,4.505779666666667,1.3369463333333333,-0.0020731666666666485,0.0070572999999999175
708,42.48,4.909830333333334,1.4989313333333336,-0.0023327833333333064,0.007656966666666581
709,42.54,5.526410499999999,1.5048971666666668,-0.002347583333333295,0.00859563333333324
710,42.6,5.385005333333333,1.5857591666666668,-0.002452233333333302,0.008457966666666589
711,42.66,4.526194500000001,1.6895386666666667,-0.0026480833333332988,0.006984799999999918
712,42.72,3.8871776666666666,1.7267646666666665,-0.002699116666666632,0.006016983333333244
713,42.78,3.6912025,1.8265345,-0.0028263499999999515,0.005825033333333257
714,42.84,3.360465166666665,1.7984496666666667,-0.002796583333333295,0.005254099999999912
715,42.9,2.4213054999999994,1.8557541666666668,-0.0028786166666666313,0.003822316666666576
716,42.96,1.463541333333333,1.799844333333333,-0.002815966666666623,0.0022252666666665766
717,43.02,0.6179079999999995,1.6155743333333334,-0.0025087166666666267,0.0009997999999999184
718,43.08,-0.2757603333333335,1.6452778333333338,-0.0025686499999999475,-0.00045784999999999365
719,43.14,-0.10430533333333349,1.6332276666666667,-0.0025367166666666143,-0.0001272666666666664
720,43.2,0.09361066666666631,1.5908208333333334,-0.0024757833333332964,0.0001567499999999442
721,43.26,-0.0906840000000004,1.7162788333333334,-0.0026695499999999533,-0.00012286666666668064
722,43.32,-0.4326333333333339,1.8049221666666668,-0.0028105833333332913,-0.0006692833333333298
723,43.38,-1.0380685000000005,1.933282166666667,-0.003005049999999972,-0.0015864999999999913
724,43.44,-1.8194615,1.9674410000000004,-0.003064599999999954,-0.002833566666666661
725,43.5,-2.275777666666667,1.9340204999999997,-0.0030078333333333086,-0.0035212499999999983
726,43.56,-2.768881166666667,1.8407449999999996,-0.002860533333333285,-0.004277949999999999
727,43.62,-3.480866833333334,1.4975656666666666,-0.002326649999999966,-0.005389099999999999
728,43.68,-3.4647325000000007,1.4715388333333332,-0.0023044499999999505,-0.0054652166666666665
729,43.74,-3.123043666666667,1.4057088333333339,-0.002196633333333296,-0.004903733333333334
730,43.8,-2.619102666666667,1.3388608333333336,-0.00207021666666664,-0.003994999999999999
731,43.86,-2.125788666666667,1.2867646666666668,-0.002007483333333291,-0.003328
732,43.92,-1.4668771666666671,1.3359056666666664,-0.0020736666666666312,-0.0022464666666666606
733,43.98,-0.8279391666666672,1.4320955,-0.0022365166666666143,-0.0013189666666666667
734,44.04,-0.7118221666666671,1.4523095000000004,-0.0022668666666666314,-0.0011317499999999982
735,44.1,-0.1888910000000005,1.6826721666666666,-0.002621966666666632,-0.00029866666666668703
736,44.16,0.507692333333333,2.0427583333333335,-0.003175916666666627,0.0008178166666665699
737,44.22,1.2433674999999993,2.3475936666666675,-0.0036534166666666356,0.0019504499999999064
738,44.28,1.1188766666666659,2.4465001666666666,-0.00381051666666662,0.00174456666666657
739,44.34,0.6390884999999995,2.585220833333333,-0.004025999999999977,0.000999666666666575
740,44.4,-0.18103616666666705,2.5244418333333334,-0.003937533333333307,-0.0003038833333333421
741,44.46,-0.443827000000001,2.5073258333333333,-0.0039053999999999612,-0.0006901833333333302
742,44.52,-0.5765990000000006,2.3933736666666663,-0.0037270833333332997,-0.0008932999999999967
743,44.58,-0.7821858333333338,2.1139945,-0.0032902666666666247,-0.0012064499999999985
744,44.64,-1.4014391666666668,1.9120408333333334,-0.0029723499999999552,-0.0021533166666666613
745,44.7,-2.087257333333334,1.9324998333333336,-0.003017583333333278,-0.0032876000000000003
746,44.76,-1.955359666666667,1.8021235,-0.002795433333333298,-0.0029866666666666665
747,44.82,-2.1466486666666666,1.4764936666666666,-0.0022993999999999636,-0.003342283333333332
748,44.88,-2.827342166666667,1.3093114999999997,-0.0020538333333332995,-0.004483583333333333
749,44.94,-3.4552508333333334,1.0750328333333337,-0.001661049999999952,-0.005301349999999999
750,45.0,-3.956135333333334,0.8055610000000001,-0.0012582666666666386,-0.006185833333333334
751,45.06,-4.171436166666667,0.7386773333333335,-0.0011460833333333032,-0.006467200000000001
752,45.12,-4.681303,0.5409400000000002,-0.0008392333333332834,-0.007269933333333334
753,45.18,-4.665703166666669,0.4762000000000001,-0.0007556166666666302,-0.007366066666666666
754,45.24,-4.291257833333333,0.47746900000000003,-0.0007379333333332966,-0.006643650000000001
755,45.3,-4.148091666666668,0.3478641666666667,-0.0005389333333332867,-0.0064412
756,45.36,-3.9567731666666672,0.28437733333333337,-0.00044008333333326997,-0.006142783333333333
757,45.42,-3.770105666666667,0.4458530000000002,-0.0006964999999999549,-0.00588575
758,45.48,-3.278140500000001,0.4534331666666669,-0.0007024499999999618,-0.005079833333333333
759,45.54,-3.120557666666667,0.6105246666666667,-0.0009481333333332885,-0.004842116666666665
760,45.6,-3.374920666666668,0.6933450000000002,-0.001075699999999965,-0.005228883333333334
761,45.66,-3.010552500000001,0.7430525,-0.0011695499999999533,-0.004766116666666666
762,45.72,-2.3109073333333336,0.6684720000000002,-0.0010354166666666316,-0.003563066666666667
763,45.78,-2.2742113333333345,0.8652259999999999,-0.001339916666666625,-0.0034956333333333307
764,45.84,-1.8525308333333335,1.1027518333333335,-0.00170316666666663,-0.0028027999999999946
765,45.9,-0.9942711666666673,1.1753575000000003,-0.0018344666666666235,-0.0015672333333333266
766,45.96,0.180926666666666,1.2316093333333336,-0.0019237333333332835,0.00025423333333327486
767,46.02,0.4022394999999997,1.3237543333333335,-0.0020383666666666197,0.0007446499999999068
768,46.08,0.7689969999999995,1.4331883333333335,-0.0022498833333332966,0.0011133666666665782
769,46.14,1.7424194999999996,1.3384433333333334,-0.0020744833333333013,0.002763599999999912
770,46.2,2.4355306666666654,1.2967076666666668,-0.002024433333333288,0.003772633333333247
771,46.26,2.893038999999999,1.2680955,-0.0019781499999999646,0.00449333333333324
772,46.32,3.289019666666666,1.1298605,-0.0017558666666666286,0.005142849999999907
773,46.38,3.5918286666666663,1.0452058333333334,-0.0016177166666666186,0.005643283333333243
774,46.44,3.3587033333333323,1.3094115000000002,-0.002037866666666622,0.00524043333333324
775,46.5,3.109324333333333,1.338171666666667,-0.002083533333333303,0.004847749999999919
776,46.56,3.0659344999999996,1.3369715000000004,-0.00208574999999997,0.004762033333333253
777,46.62,3.3885113333333328,1.5624873333333333,-0.002431616666666616,0.005287616666666577
778,46.68,3.5270124999999988,1.7613616666666665,-0.0027436166666666363,0.005494599999999907
779,46.74,3.866391333333333,1.7909979999999999,-0.0027866499999999695,0.006035083333333236
780,46.8,4.351826166666665,1.7434990000000001,-0.0027192166666666147,0.006765383333333246
781,46.86,4.842356833333332,1.7531535,-0.0027210166666666313,0.007580783333333239
782,46.92,4.666829000000001,1.757294666666667,-0.002742866666666629,0.007247616666666587
783,46.98,4.759702833333332,1.6593403333333334,-0.0025926999999999548,0.007383116666666584
784,47.04,4.801292333333334,1.4922563333333334,-0.002305766666666618,0.007554116666666574
785,47.1,4.859309833333333,1.4170118333333335,-0.002218599999999957,0.007522866666666586
786,47.16,5.060165166666667,1.536869166666667,-0.0023923666666666246,0.007889216666666593
787,47.22,4.856839499999999,1.438662166666667,-0.002239549999999968,0.007571233333333243
788,47.28,4.433026,1.2489485,-0.0019449499999999648,0.006907899999999909
789,47.34,3.7662504999999995,1.1891015000000003,-0.0018469166666666302,0.005890666666666577
790,47.4,3.3340046666666665,0.8878354999999999,-0.0013879333333333018,0.005168966666666565
791,47.46,2.995864833333334,0.7800635000000002,-0.0012095999999999418,0.0046947499999999065
792,47.52,2.208465999999999,0.5270880000000001,-0.0008224666666666251,0.003432016666666575
793,47.58,1.8531286666666662,0.7351721666666666,-0.0011460499999999653,0.0028823333333332503
794,47.64,1.9187361666666662,0.9992963333333335,-0.0015572499999999669,0.002985849999999911
795,47.7,1.9641776666666664,1.2752250000000003,-0.0019832333333332985,0.003075033333333238
796,47.76,1.7247414999999995,1.4619158333333333,-0.0022822499999999466,0.002663449999999908
797,47.82,2.169037,1.5143226666666671,-0.0023544666666666185,0.003398633333333243
798,47.88,2.7607786666666665,1.6441326666666667,-0.0025491666666666315,0.0043507999999999065
799,47.94,2.6557954999999995,1.6583371666666664,-0.002584016666666628,0.004132983333333237
800,48.0,2.547680666666666,1.7393206666666672,-0.0027326333333332915,0.0038690666666665813
801,48.06,2.560633333333333,1.8658035000000004,-0.0028910833333333067,0.004052666666666588
802,48.12,2.459170333333333,1.8230586666666668,-0.0028320499999999658,0.003863599999999905
803,48.18,2.2612893333333326,1.8681153333333336,-0.002902183333333298,0.0035554666666665702
804,48.24,1.3378796666666664,1.806384166666667,-0.0028126499999999647,0.0020879833333332415
805,48.3,0.17623516666666628,1.5054425,-0.00235354999999996,0.00023296666666661772
806,48.36,-0.2987493333333339,1.6158468333333336,-0.0025192166666666437,-0.00047623333333330834
807,48.42,-0.12586100000000056,1.713592833333334,-0.0026614333333332984,-0.0001587666666666774
808,48.48,0.6246833333333328,1.9469323333333337,-0.003029199999999969,0.00098871666666658
809,48.54,1.4042289999999995,2.1269791666666666,-0.0033066333333333017,0.002215433333333245
810,48.6,2.371775333333332,2.446108833333333,-0.0038108999999999582,0.003691866666666571
811,48.66,3.0296985000000003,2.5625499999999994,-0.003990933333333302,0.004722266666666572
812,48.72,3.2662243333333327,2.5237921666666665,-0.003926266666666623,0.005106316666666578
813,48.78,2.5647871666666666,2.5288876666666664,-0.003931516666666629,0.004024066666666574
814,48.84,1.9846876666666662,2.6113009999999997,-0.004073016666666641,0.0030709333333332448
815,48.9,1.0753481666666658,2.5100388333333337,-0.0038802499999999736,0.0017941999999999151
816,48.96,-0.3722513333333338,2.0380928333333332,-0.0031841999999999604,-0.0006252333333333454
817,49.02,-1.3748545000000003,1.674478666666667,-0.0026213333333332967,-0.0022052166666666636
818,49.08,-1.6797455000000008,1.3584029999999998,-0.0021115499999999647,-0.0025933333333333333
819,49.14,-1.4620473333333341,1.0047018333333333,-0.001563866666666617,-0.002271216666666666
820,49.2,-0.8855295000000005,0.7550561666666666,-0.0011747333333332916,-0.0013714999999999964
821,49.26,-0.7030775000000007,0.6661485000000001,-0.0010327999999999533,-0.0010666166666666586
822,49.32,-1.0430201666666672,0.6173678333333332,-0.00096561666666663,-0.001648583333333327
823,49.38,-1.064844166666667,0.6516913333333334,-0.0010172166666666234,-0.001670933333333323
824,49.44,-0.5950995000000003,0.6732796666666666,-0.001049449999999965,-0.0009309833333333267
825,49.5,-0.06548816666666714,0.7863590000000001,-0.001215133333333285,-4.6983333333335544e-05
826,49.56,-0.4711410000000006,0.9572499999999999,-0.0014833666666666234,-0.0006917666666666668
827,49.62,-1.2825270000000006,0.9374503333333334,-0.00146963333333329,-0.0020509999999999934
828,49.68,-1.6284461666666672,0.9150900000000003,-0.00141946666666663,-0.002502366666666665
829,49.74,-2.5182425,0.9013445,-0.001396333333333285,-0.0038766666666666667
830,49.8,-3.2158683333333338,0.9865896666666668,-0.0015441999999999617,-0.005054416666666667
831,49.86,-3.6603401666666673,1.064636666666667,-0.0016578333333332783,-0.005698566666666667
832,49.92,-3.127983166666668,1.094556,-0.001704249999999945,-0.004868383333333333
833,49.98,-2.1034518333333336,0.9929305000000004,-0.0015513666666666266,-0.003304549999999998
834,50.04,-1.3773580000000005,0.8693216666666669,-0.0013562999999999735,-0.002158366666666665
835,50.1,-1.2042665000000008,1.1319458333333332,-0.0017585666666666267,-0.0018508666666666633
836,50.16,-0.6401840000000003,1.4312768333333337,-0.0022262166666666265,-0.0009800333333333268
837,50.22,-0.367581833333334,1.6023933333333333,-0.002485766666666625,-0.0005223833333333251
838,50.28,-0.9216813333333338,1.8235166666666667,-0.0028478666666666265,-0.001470616666666665
839,50.34,-1.570867166666667,2.1441828333333333,-0.0033421666666666283,-0.0024570333333333336
840,50.4,-1.9511385000000003,2.2960299999999996,-0.0035731666666666316,-0.0030232666666666647
841,50.46,-2.5011865,2.314301333333333,-0.0035972499999999646,-0.0038597666666666647
842,50.52,-2.8714010000000014,2.4194201666666673,-0.003764733333333288,-0.0044545166666666676
843,50.58,-3.108022500000001,2.329389000000001,-0.0036315833333332996,-0.004855916666666667
844,50.64,-3.162185,2.3039116666666666,-0.003580799999999963,-0.00488755
845,50.7,-3.0867730000000004,2.3282785000000006,-0.003630633333333306,-0.004826516666666667
846,50.76,-2.6204595000000013,2.2625826666666673,-0.0035139166666666184,-0.0040326500000000005
847,50.82,-2.274471500000001,2.1971958333333332,-0.003415649999999967,-0.0035098833333333315
848,50.88,-1.673155166666667,2.2329066666666666,-0.0034798666666666224,-0.0026137999999999973
849,50.94,-0.8195153333333342,2.1888096666666668,-0.0033922833333333,-0.0011990333333333299
850,51.0,-0.06356133333333386,2.126803166666667,-0.0033099333333332947,-8.598333333335074e-05
851,51.06,0.05906166666666636,1.9815143333333336,-0.0030954166666666266,5.259999999994595e-05
852,51.12,-0.4301761666666675,1.9607906666666666,-0.003044149999999958,-0.0006229666666666668
853,51.18,-1.0747371666666672,1.6695574999999998,-0.002595683333333296,-0.0016502333333333233
854,51.24,-1.4472436666666675,1.272559166666667,-0.001986499999999963,-0.0022780666666666616
855,51.3,-1.1868585000000005,1.2183148333333336,-0.0018928666666666281,-0.001822133333333327
856,51.36,-0.9884103333333341,1.1043616666666667,-0.0017184999999999464,-0.001530133333333325
857,51.42,-1.3803006666666675,1.1320918333333334,-0.0017583333333332765,-0.002122433333333328
858,51.48,-0.8942851666666672,1.2169516666666669,-0.0019002333333332684,-0.0014174499999999998
859,51.54,0.003223499999999646,1.2521425000000002,-0.0019467666666666214,2.431666666663137e-05
860,51.6,1.0953768333333327,1.1272218333333335,-0.001750133333333298,0.0017349499999999034
861,51.66,2.2334419999999993,0.8477306666666667,-0.0013217999999999715,0.003472216666666574
862,51.72,3.3321676666666664,0.8436528333333334,-0.0013100833333332903,0.0052109499999999165
863,51.78,4.331436999999999,1.2134268333333333,-0.0018922999999999518,0.00673779999999991
864,51.84,5.040826499999999,1.3259251666666672,-0.00206289999999996,0.007862383333333247
865,51.9,5.463972000000001,1.4449823333333331,-0.0022544999999999605,0.008496733333333254
866,51.96,6.084595833333333,1.5099810000000002,-0.002345199999999957,0.009503716666666585
867,52.02,6.515960499999999,1.5496735000000006,-0.0024063999999999635,0.010177949999999913
868,52.08,6.722430666666665,1.5792701666666664,-0.002482149999999972,0.010390783333333249
869,52.14,6.646799166666667,1.7653551666666667,-0.002738233333333292,0.010395016666666588
870,52.2,6.598295166666666,1.8313190000000004,-0.0028524833333333135,0.010279316666666576
871,52.26,6.558535333333331,1.8745295000000004,-0.0029169999999999517,0.010226966666666592
872,52.32,5.990939,1.5928760000000002,-0.0024746499999999715,0.009356266666666592
873,52.38,4.846623666666667,1.4908816666666664,-0.0023331499999999614,0.007505399999999915
874,52.44,4.012370166666666,1.3063195000000003,-0.0020398333333332967,0.006229049999999906
875,52.5,3.571506333333333,1.2258741666666666,-0.0019036499999999512,0.005589666666666581
876,52.56,2.4963319999999993,1.1344626666666668,-0.001763483333333295,0.0039061166666665755
877,52.62,1.2078086666666663,0.7816421666666666,-0.0012161666666666302,0.0018886166666665716
878,52.68,0.08743649999999915,0.8216578333333335,-0.00128189999999995,0.00012471666666662441
879,52.74,-0.6562181666666673,0.7414229999999999,-0.0011573333333332937,-0.00103655
880,52.8,-1.4860085000000007,0.989352,-0.001541549999999948,-0.0023173999999999994
881,52.86,-1.7045891666666673,1.3449890000000002,-0.0020979333333332895,-0.002670866666666661
882,52.92,-1.561480833333334,1.8317520000000003,-0.0028468999999999747,-0.0024001666666666633
883,52.98,-1.0167305000000009,2.268676,-0.0035310999999999568,-0.0015720333333333267
884,53.04,-0.3207868333333339,2.640112333333334,-0.00410829999999997,-0.0004822499999999938
885,53.1,0.1456258333333325,3.109389166666666,-0.004839216666666647,0.00024376666666657963
886,53.16,0.2280508333333329,3.163692500000001,-0.004912499999999983,0.0004133166666665716
887,53.22,0.6275186666666662,3.081738166666667,-0.004809899999999976,0.0009424833333332383
888,53.28,1.0437369999999995,2.890400666666667,-0.004516683333333316,0.0015727833333332366
889,53.34,0.3847986666666661,2.6515241666666673,-0.0041123833333333035,0.0006706166666665716
890,53.4,-0.11010133333333387,2.406569833333333,-0.003759466666666647,-0.00021716666666666396
891,53.46,0.1365551666666661,2.2656550000000006,-0.003519733333333293,0.0002536166666666026
892,53.52,0.4282634999999996,2.172778166666667,-0.0033598833333332865,0.0007735333333332416
893,53.58,0.10598299999999972,2.0630108333333337,-0.003227366666666636,0.00010378333333330106
894,53.64,0.2666279999999993,1.8936674999999996,-0.002948733333333315,0.00042039999999990505
895,53.7,0.249272166666666,1.588198166666667,-0.0024668333333333066,0.00042218333333323826
896,53.76,0.3503784999999998,1.5522881666666668,-0.0024222333333332796,0.0005253833333332333
897,53.82,0.6229616666666661,1.539776833333334,-0.00238801666666664,0.001020933333333235
898,53.88,0.6260338333333327,1.6127925,-0.002517599999999948,0.0009501499999999084
899,53.94,0.4632116666666661,1.5756326666666667,-0.002445499999999975,0.0007637666666665781
900,54.0,-0.4561716666666671,1.6400824999999999,-0.0025606999999999583,-0.0007398999999999952
901,54.06,-1.1257430000000004,1.5357703333333335,-0.0023887833333333065,-0.0017359999999999947
902,54.12,-1.5003205000000006,1.3899041666666667,-0.0021579833333332946,-0.0022997499999999967
903,54.18,-1.513657333333334,1.4108988333333339,-0.0021905499999999513,-0.002320183333333334
904,54.24,-1.3382635000000007,1.6040443333333334,-0.0025125166666666266,-0.0021545666666666617
905,54.3,-1.3430261666666672,1.6984628333333334,-0.002639633333333298,-0.0020615499999999936
906,54.36,-0.925814833333334,1.8994341666666668,-0.002952816666666637,-0.0014139166666666668
907,54.42,-0.756649833333334,2.166768833333334,-0.0033709833333333125,-0.0011594333333333332
908,54.48,-0.1864258333333339,2.3370873333333333,-0.0036418999999999714,-0.00029688333333335545
909,54.54,0.40383499999999933,2.4986446666666664,-0.003893316666666633,0.0006242333333332432
910,54.6,0.6572283333333326,2.5372488333333334,-0.003955699999999975,0.0010098833333332484
911,54.66,1.032105666666666,2.4108048333333345,-0.003752466666666627,0.0016192666666665736
912,54.72,1.2787294999999996,2.1788665000000003,-0.003383766666666618,0.002034833333333233
913,54.78,0.7787659999999993,1.9016020000000002,-0.0029711499999999598,0.0011725499999999
914,54.84,0.5525838333333328,1.5475766666666666,-0.0024123999999999582,0.0008528333333332349
915,54.9,0.013542666666666089,1.4231835000000004,-0.0022046666666666347,8.206666666661466e-05
916,54.96,-1.3596985000000006,1.4294868333333333,-0.0022329166666666166,-0.0021510499999999916
917,55.02,-2.3750986666666676,1.4870058333333331,-0.0023185499999999627,-0.00371091666666666
918,55.08,-3.318778333333334,1.4763695,-0.00230071666666663,-0.005175116666666665
919,55.14,-3.9624786666666676,1.3554513333333333,-0.0021016999999999616,-0.006115533333333332
920,55.2,-4.023087500000001,1.3690976666666665,-0.0021355166666666165,-0.0062827000000000004
921,55.26,-4.446283,1.3672631666666668,-0.002139316666666627,-0.00698165
922,55.32,-4.837954833333333,1.3973398333333331,-0.0021692999999999734,-0.007493066666666665
923,55.38,-5.270906000000002,1.6496891666666664,-0.0025657333333333103,-0.008187683333333333
924,55.44,-5.819635,1.821502,-0.002833816666666622,-0.009045116666666667
925,55.5,-5.947852999999999,2.2046368333333333,-0.003440183333333294,-0.009296216666666668
926,55.56,-5.946864166666667,2.301824166666667,-0.0035922166666666265,-0.009298516666666668
927,55.62,-5.854585999999999,2.344088666666666,-0.0036467166666666368,-0.009095466666666668
928,55.68,-5.3262585,2.380108833333333,-0.0037121333333333035,-0.00831995
929,55.74,-4.224090333333334,2.5680101666666677,-0.003990716666666628,-0.0065358
930,55.8,-3.053241,2.800250166666667,-0.004353249999999971,-0.004717033333333333
931,55.86,-2.4906095,2.7683850000000008,-0.0043148833333333,-0.0038908500000000004
932,55.92,-1.9054485000000008,2.6740298333333334,-0.004165916666666633,-0.0029704833333333335
933,55.98,-1.4623776666666675,2.3832293333333334,-0.0037010333333332966,-0.002227599999999998
934,56.04,-0.7939648333333338,2.2003144999999997,-0.0034207499999999594,-0.0012068499999999985
935,56.1,0.01699499999999912,2.024649166666667,-0.003141233333333281,8.241666666661933e-05
936,56.16,0.9312414999999993,1.6912448333333336,-0.0026497333333332968,0.0013803999999999082
937,56.22,1.8390489999999995,1.5744081666666672,-0.002449599999999967,0.002877399999999917
938,56.28,2.366884666666666,1.4488036666666668,-0.0022422333333333047,0.0037525333333332436
939,56.34,2.6856191666666662,1.4139320000000002,-0.0022044333333332746,0.0041745166666665705
940,56.4,2.671034833333333,1.3875593333333336,-0.002158283333333288,0.0041751166666665765
941,56.46,1.8806843333333325,1.2336001666666665,-0.0019186166666666298,0.0029435999999999135
942,56.52,1.3592188333333328,1.3079551666666664,-0.002044666666666628,0.002082499999999908
943,56.58,1.809363166666666,1.4509086666666668,-0.002261383333333293,0.0028117499999999115
944,56.64,2.612174,1.5436073333333336,-0.0024026166666666405,0.004076983333333246
945,56.7,3.0732143333333326,1.7006115000000004,-0.002639599999999959,0.00482703333333324
946,56.76,3.3393409999999997,1.8799566666666665,-0.0029371166666666186,0.005166166666666581
947,56.82,3.974626833333332,2.086762666666667,-0.003243966666666621,0.006216633333333244
948,56.88,4.293813999999999,2.2727001666666675,-0.00353578333333329,0.006704716666666576
949,56.94,4.479025833333332,2.3931336666666665,-0.003733549999999963,0.006956633333333248
950,57.0,4.740923333333332,2.6495435,-0.0041068333333333035,0.007453083333333243
951,57.06,4.571635833333334,2.7273925000000006,-0.004250483333333302,0.007114599999999916
952,57.12,4.718555666666666,2.879044166666667,-0.004510849999999974,0.007264233333333247
953,57.18,5.0599444999999985,2.927156666666667,-0.004537166666666648,0.007953483333333256
954,57.24,5.388673333333333,2.8894823333333335,-0.004506949999999979,0.008374966666666596
955,57.3,5.751532833333333,2.7481916666666675,-0.004275916666666645,0.008975149999999914
956,57.36,5.779640833333334,2.3965616666666665,-0.003733049999999963,0.009003283333333244
957,57.42,5.205933833333334,2.142440166666667,-0.003346516666666632,0.00807613333333325
958,57.48,5.151804833333332,2.1733018333333334,-0.003387816666666634,0.008016099999999936
959,57.54,5.361090333333333,1.9443903333333339,-0.00301711666666662,0.008393133333333245
960,57.6,5.2989749999999995,1.72937,-0.002699816666666624,0.008231399999999917
961,57.66,5.261929666666665,1.6339215000000002,-0.002543733333333291,0.008201983333333251
962,57.72,5.2443965000000015,1.453875,-0.0022661999999999765,0.008163449999999923
963,57.78,4.9883826666666655,1.3571895000000003,-0.0021103166666666313,0.007785666666666579
964,57.84,4.668398666666666,1.3964266666666667,-0.0021770666666666135,0.0072645333333332405
965,57.9,4.535617999999999,1.3894771666666668,-0.0021667499999999747,0.007055183333333248
966,57.96,4.269825999999999,1.3172120000000003,-0.002038316666666633,0.0067092666666665746
967,58.02,4.1103508333333325,1.4463275,-0.00224534999999996,0.0064350166666665735
968,58.08,3.438800666666666,1.5256163333333332,-0.002400266666666625,0.005254849999999909
969,58.14,3.3754564999999994,1.7531313333333336,-0.0027273833333333044,0.005271766666666582
970,58.2,3.6843396666666655,1.8134781666666668,-0.0028098833333332885,0.005799566666666585
971,58.26,4.469799666666665,2.037848,-0.0031828333333332993,0.00693054999999991
972,58.32,4.9931955,2.0934801666666667,-0.003249466666666608,0.007819883333333246
973,58.38,5.248854833333334,2.0964631666666667,-0.0032878666666666437,0.008096499999999916
974,58.44,5.138158,2.137779666666667,-0.003313533333333292,0.008063183333333243
975,58.5,4.730809499999999,2.080547666666667,-0.0032304499999999585,0.0074075166666665755
976,58.56,4.141301833333333,1.9902338333333338,-0.0031018833333333004,0.006444499999999906
977,58.62,4.2078535,2.015862166666667,-0.0031427499999999806,0.006544433333333244
978,58.68,4.0364365,2.060890666666667,-0.003199549999999959,0.006328099999999915
979,58.74,3.5546633333333326,2.0684553333333335,-0.003226983333333276,0.005518066666666584
980,58.8,3.7061044999999995,2.080995,-0.0032409166666666146,0.005775683333333243
981,58.86,3.5730561666666665,2.032373,-0.0031603666666666238,0.00558693333333325
982,58.92,3.221525499999999,2.0678780000000003,-0.0032174833333332947,0.005032766666666583
983,58.98,3.097020666666666,2.001294,-0.003114766666666628,0.004834449999999906
984,59.04,3.1876113333333325,1.9189098333333339,-0.0029971499999999697,0.004932299999999909
985,59.1,2.9603110000000004,1.8806386666666668,-0.0029289833333332868,0.00461318333333326
986,59.16,2.3512786666666656,1.7402806666666664,-0.0027005333333332882,0.0037067333333332384
987,59.22,1.8801179999999993,1.7587841666666668,-0.0027434333333332785,0.00291221666666658
988,59.28,1.7472159999999992,1.7640868333333335,-0.0027420333333332938,0.0027472499999999034
989,59.34,1.4171469999999993,1.7003793333333337,-0.002652149999999957,0.0021918999999999116
990,59.4,0.9547216666666661,1.8091188333333335,-0.0028208333333332885,0.0014746166666665735
991,59.46,0.7988763333333327,1.871284,-0.0029123499999999477,0.0012564833333332398
992,59.52,1.0580656666666661,1.9222180000000004,-0.0029963166666666244,0.0016389666666665732
993,59.58,1.4468821666666662,2.0421198333333335,-0.0031768666666666164,0.0022713833333332352
994,59.64,1.6849421666666664,2.0903970000000003,-0.0032518833333332973,0.0026426166666665735
995,59.7,1.4904366666666655,2.130332666666667,-0.0033157999999999565,0.0023324833333332436
996,59.76,1.1409486666666664,2.2440243333333334,-0.0035012166666666318,0.0017536833333332467
997,59.82,0.8053876666666658,2.4012580000000003,-0.003731849999999968,0.0012901499999999066
998,59.88,0.20136283333333235,2.3209751666666665,-0.00361848333333329,0.0003006999999999066
999,59.94,-0.16838100000000047,2.206253333333334,-0.003432316666666627,-0.0002429333333333391
