,Unnamed: 0.1,Unnamed: 0,Time,Mx,My,CoPx,CoPy
0,0,0,0.0,0.0,0.0,0.0,0.0
1,1,1,0.06,1.8258811666666666,0.9387448333333333,-0.001507,0.0029966
2,2,2,0.12,3.2258046666666664,1.4503361666666663,-0.0023103,0.0053027666666667
3,3,3,0.18,1.7428506666666652,1.3916196666666663,-0.0027461833333333,0.00347835
4,4,4,0.24,0.2616203333333331,1.9889649999999994,-0.0034599833333333,0.0004679499999999
5,5,5,0.3,-1.552792333333334,2.5836524999999995,-0.0044463,-0.0027399333333332
6,6,6,0.36,-4.297032166666668,3.1136935000000006,-0.0054687333333334,-0.0073777166666665
7,7,7,0.42,-6.773485000000001,3.6851098333333336,-0.0062598666666667,-0.0118833166666665
8,8,8,0.48,-8.187342,2.6580869999999996,-0.0046394833333333,-0.0141790499999997
9,9,9,0.54,-9.025750333333335,1.4393611666666664,-0.0024369666666667,-0.0157181499999998
10,10,10,0.6,-9.635185166666666,0.38529683333333314,-0.0007073833333333,-0.0166791499999998
11,11,11,0.66,-10.170567666666665,-0.42640600000000006,0.0007262833333333,-0.0176332333333332
12,12,12,0.72,-9.880054999999999,-0.7937023333333337,0.0013474666666665,-0.0171119666666665
13,13,13,0.78,-9.693749166666665,-0.4978370000000002,0.0007954666666665,-0.0167495333333331
14,14,14,0.84,-10.072092500000004,0.4708486666666664,-0.0007787,-0.0175121833333331
15,15,15,0.9,-11.120390833333335,1.6065110000000002,-0.0027908666666667,-0.0192914666666665
16,16,16,0.96,-11.567449666666668,2.7349251666666667,-0.0047798833333333,-0.0200412499999998
17,17,17,1.02,-11.832235333333335,3.5586961666666665,-0.0062283,-0.0204865166666665
18,18,18,1.08,-11.878020833333334,4.111132833333334,-0.0071454166666667,-0.0205990999999998
19,19,19,1.14,-11.998354500000001,4.314505166666667,-0.0075123166666667,-0.0207971833333332
20,20,20,1.2,-12.374162500000004,4.206545666666667,-0.0073205999999999,-0.0214528666666665
21,21,21,1.26,-12.693823500000004,3.8892059999999997,-0.0067476166666667,-0.0220245499999998
22,22,22,1.32,-12.985325666666663,3.625758666666666,-0.0064041,-0.0224445833333332
23,23,23,1.38,-12.648923000000002,3.7437829999999996,-0.0064782333333333,-0.0219596833333332
24,24,24,1.44,-12.10841266666667,3.8458856666666668,-0.00669015,-0.0209949666666665
25,25,25,1.5,-11.411850500000002,4.0036355,-0.00699595,-0.0197604833333332
26,26,26,1.56,-10.73941783333333,4.054621499999999,-0.007061,-0.0186120833333331
27,27,27,1.62,-10.076764833333334,3.9596764999999996,-0.0068877833333333,-0.0174685999999998
28,28,28,1.68,-9.858277166666667,4.039422666666667,-0.0070312666666667,-0.0170850833333332
29,29,29,1.74,-9.4603265,4.103929,-0.00714585,-0.0163920999999998
30,30,30,1.8,-8.810120166666666,4.0459163333333334,-0.0069914833333334,-0.0153110333333331
31,31,31,1.86,-8.295059666666665,3.8576503333333347,-0.0068015,-0.014293333333333
32,32,32,1.92,-7.396110166666667,3.8177966666666663,-0.0066590333333333,-0.0127999499999998
33,33,33,1.98,-6.491846333333335,3.730657,-0.00643725,-0.0112981166666665
34,34,34,2.04,-5.920916833333334,3.5358621666666665,-0.0061675833333333,-0.0102401666666665
35,35,35,2.1,-5.918128833333334,3.5539115,-0.00623375,-0.0102004833333331
36,36,36,2.16,-5.760104833333333,3.5400783333333337,-0.0061347833333333,-0.0100013666666664
37,37,37,2.22,-5.816966333333334,3.2119201666666672,-0.0056085666666667,-0.0100560166666664
38,38,38,2.28,-5.721728499999999,2.774909,-0.0048497166666667,-0.0098910499999997
39,39,39,2.34,-5.8063525,2.4099831666666662,-0.0041606,-0.0100961333333332
40,40,40,2.4,-6.138771166666666,2.0311773333333334,-0.0035731499999999,-0.0105995333333331
41,41,41,2.46,-6.512821000000001,1.8055336666666664,-0.0032099499999999,-0.0112191666666664
42,42,42,2.52,-6.7093475,1.7825555000000004,-0.00303895,-0.0116970166666664
43,43,43,2.58,-7.172758333333334,1.6023731666666658,-0.00278865,-0.0124362499999998
44,44,44,2.64,-7.445343333333334,1.4448085,-0.0025729166666667,-0.0128501833333331
45,45,45,2.7,-7.360724000000002,1.3556721666666667,-0.00235225,-0.0127710166666664
46,46,46,2.76,-7.3872425,1.3279598333333331,-0.0023277333333333,-0.0127927499999997
47,47,47,2.82,-7.615505500000001,1.365194999999999,-0.0023934833333333,-0.013187733333333
48,48,48,2.88,-7.9219808333333335,1.4117849999999996,-0.0024476333333333,-0.0137468666666663
49,49,49,2.94,-8.023018,1.391984333333333,-0.0024149333333333,-0.0139204833333331
50,50,50,3.0,-8.115852,1.333042333333333,-0.0024222666666667,-0.0139713333333332
51,51,51,3.06,-7.915585666666666,1.4444353333333328,-0.0024807666666667,-0.0137594333333331
52,52,52,3.12,-7.942860499999999,1.4429088333333333,-0.0024872666666667,-0.0137974499999998
53,53,53,3.18,-7.859343000000001,1.3625238333333336,-0.0024111833333333,-0.0135883833333331
54,54,54,3.24,-7.475719166666667,1.4256846666666663,-0.0025021333333333,-0.0129414499999997
55,55,55,3.3,-7.0408315,1.533973999999999,-0.0026753833333333,-0.0122015833333331
56,56,56,3.36,-6.7215758333333335,1.6357931666666672,-0.0028685666666667,-0.0116304333333331
57,57,57,3.42,-6.539972666666666,1.7965286666666662,-0.0031390333333332,-0.0113239166666665
58,58,58,3.48,-6.065638833333332,1.9385594999999998,-0.0033279499999999,-0.0105615833333331
59,59,59,3.54,-5.405572,1.9683276666666658,-0.0035178833333332,-0.0092675666666665
60,60,60,3.6,-4.315784166666667,1.9012596666666668,-0.0032890666666667,-0.0074994999999998
61,61,61,3.66,-4.011742333333333,1.9574866666666662,-0.0033976333333333,-0.0069590999999998
62,62,62,3.72,-3.9612276666666677,2.164094833333334,-0.0038058666666667,-0.0068153333333331
63,63,63,3.78,-4.167023833333333,2.4468144999999994,-0.0042902666666667,-0.0071801333333331
64,64,64,3.84,-4.812730500000001,2.775774,-0.0048544833333333,-0.0083091166666665
65,65,65,3.9,-5.551790333333333,3.0242518333333344,-0.0052620166666667,-0.0096171499999998
66,66,66,3.96,-6.368349166666667,3.2680243333333334,-0.0056818333333333,-0.0110376666666665
67,67,67,4.02,-6.697124666666666,3.3017446666666674,-0.0057032,-0.0116448666666665
68,68,68,4.08,-6.825622000000001,3.136494999999999,-0.0055242,-0.0117615333333331
69,69,69,4.14,-6.699273500000001,3.0768859999999996,-0.0053640833333333,-0.0115982333333331
70,70,70,4.2,-6.510139000000001,2.979942166666667,-0.0051458333333333,-0.0113198999999998
71,71,71,4.26,-6.161859333333335,2.804505833333334,-0.0049144,-0.0106413999999998
72,72,72,4.32,-5.457796166666667,2.626978999999999,-0.0045968333333333,-0.0094283666666665
73,73,73,4.38,-4.6939158333333335,2.391571166666666,-0.0041505666666667,-0.0081428333333331
74,74,74,4.44,-4.433135666666668,2.227833833333333,-0.0038938166666666,-0.0076601833333331
75,75,75,4.5,-4.550124499999999,2.2193831666666664,-0.0038391166666667,-0.0079072833333332
76,76,76,4.56,-4.676126666666667,2.1998009999999995,-0.0038056,-0.0081253833333331
77,77,77,4.62,-5.142646,2.204361333333333,-0.0038983999999999,-0.0088430333333331
78,78,78,4.68,-5.249655500000001,2.1704471666666665,-0.0038097833333333,-0.0090611666666665
79,79,79,4.74,-5.094805000000001,2.0624093333333335,-0.0035528333333333,-0.0088673666666665
80,80,80,4.8,-4.9024046666666665,1.8603698333333325,-0.0032554833333333,-0.0084751333333331
81,81,81,4.86,-4.536865333333334,1.7081753333333332,-0.0030041666666667,-0.0078261499999998
82,82,82,4.92,-4.273294833333334,1.685829333333333,-0.0029236,-0.0074159666666665
83,83,83,4.98,-4.315488333333334,1.5971453333333345,-0.0028208333333333,-0.0074308999999997
84,84,84,5.04,-4.3898355,1.5338115000000003,-0.0027016,-0.007570433333333
85,85,85,5.1,-4.571629333333333,1.4622941666666667,-0.0025452166666667,-0.0079227499999998
86,86,86,5.16,-4.680158333333335,1.3810781666666663,-0.0024106333333333,-0.0081038666666665
87,87,87,5.22,-4.833463166666667,1.3339209999999995,-0.0024091166666667,-0.0082792499999998
88,88,88,5.28,-4.8986011666666665,1.4329646666666664,-0.0024424166666667,-0.0085482833333331
89,89,89,5.34,-5.377618999999999,1.4651329999999994,-0.0025774166666667,-0.0092914833333332
90,90,90,5.4,-5.700739166666668,1.5529699999999997,-0.0027259166666667,-0.0098565999999998
91,91,91,5.46,-6.143778666666667,1.6092973333333336,-0.0028256333333333,-0.0106238833333331
92,92,92,5.52,-6.5042878333333345,1.5913288333333333,-0.0027825166666667,-0.0112624166666665
93,93,93,5.58,-6.870106166666665,1.547872,-0.0027144333333333,-0.0118898333333331
94,94,94,5.64,-7.310816,1.5897913333333333,-0.0027609666666667,-0.0126819666666665
95,95,95,5.7,-7.9795068333333345,1.5964574999999996,-0.0027622,-0.0138521333333331
96,96,96,5.76,-8.742368166666665,1.5783758333333329,-0.0028093833333333,-0.0150998166666665
97,97,97,5.82,-9.091590000000002,1.612254,-0.0028495,-0.0157241833333331
98,98,98,5.88,-9.231541833333333,1.6324599999999991,-0.0028011666666667,-0.0160469166666665
99,99,99,5.94,-9.575651,1.6381593333333324,-0.00288665,-0.0165724166666665
100,100,100,6.0,-9.754908166666668,1.7005153333333332,-0.0029894166666667,-0.0168889333333332
101,101,101,6.06,-9.786355500000004,1.7031366666666665,-0.0029728833333333,-0.0169629833333331
102,102,102,6.12,-9.774694166666668,1.674757833333333,-0.0029400166666667,-0.0169275833333332
103,103,103,6.18,-9.70777916666667,1.6653565000000001,-0.0029044166666667,-0.0168296666666665
104,104,104,6.24,-9.779563666666668,1.6211476666666664,-0.0028237333333333,-0.0169578833333332
105,105,105,6.3,-10.050408833333334,1.6207859999999994,-0.0028014333333333,-0.0174476833333331
106,106,106,6.36,-10.414236333333335,1.6048598333333333,-0.0028717333333333,-0.0179899166666665
107,107,107,6.42,-10.538325,1.6091009999999994,-0.0028120166666667,-0.0182660666666665
108,108,108,6.48,-10.621697166666669,1.5831493333333335,-0.0027412,-0.0184341999999998
109,109,109,6.54,-10.719751166666667,1.5243940000000002,-0.0026972333333333,-0.0185521333333331
110,110,110,6.6,-10.756216500000004,1.543959,-0.0026942,-0.0186487666666665
111,111,111,6.66,-10.913048833333333,1.5302795,-0.0026746,-0.0189171999999998
112,112,112,6.72,-11.056501499999998,1.5561033333333345,-0.0027436833333333,-0.0191445333333332
113,113,113,6.78,-11.201021666666668,1.6116529999999996,-0.0028379666666667,-0.0193976666666665
114,114,114,6.84,-11.458836833333333,1.6596509999999998,-0.0028959166666667,-0.0198673999999998
115,115,115,6.9,-11.627794000000002,1.6296491666666664,-0.0028104166666667,-0.0201894166666665
116,116,116,6.96,-11.812944166666668,1.5235941666666664,-0.0027088333333334,-0.0204397833333332
117,117,117,7.02,-11.839473666666668,1.5848776666666664,-0.0027282666666667,-0.0205603166666665
118,118,118,7.08,-12.006551,1.5884360000000002,-0.0027332,-0.0208513166666665
119,119,119,7.14,-12.1628305,1.5340589999999996,-0.0027711,-0.0210103499999998
120,120,120,7.2,-12.138588999999998,1.588369666666667,-0.0028097333333333,-0.0210154333333332
121,121,121,7.26,-12.143452000000003,1.5628899999999994,-0.00270015,-0.0210791999999998
122,122,122,7.32,-12.311701833333338,1.4551386666666672,-0.0025765166666667,-0.0213176333333332
123,123,123,7.38,-12.380657666666668,1.3941793333333332,-0.00247545,-0.0214334333333332
124,124,124,7.44,-12.249145499999997,1.3855696666666673,-0.0023734833333333,-0.0212785999999998
125,125,125,7.5,-12.203513666666666,1.3770898333333332,-0.0023952666666667,-0.0211685333333332
126,126,126,7.56,-12.041149166666667,1.3044595000000003,-0.00231335,-0.0208488833333331
127,127,127,7.62,-11.728255666666668,1.2378153333333335,-0.0021971833333333,-0.0203060666666665
128,128,128,7.68,-11.221012499999999,1.2158216666666664,-0.0020542,-0.0195182333333332
129,129,129,7.74,-10.871221166666668,1.0849884999999995,-0.0019266,-0.0188216833333332
130,130,130,7.8,-10.200321666666667,1.010439166666666,-0.0018066333333333,-0.0176478499999998
131,131,131,7.86,-9.413286166666666,0.8621455,-0.0015476333333332,-0.0162821999999998
132,132,132,7.92,-8.636150833333334,0.9403623333333331,-0.0016754166666667,-0.014940033333333
133,133,133,7.98,-7.864541000000002,0.9598231666666668,-0.0017032,-0.0136063833333331
134,134,134,8.04,-7.459964833333334,0.9867043333333332,-0.0017378833333333,-0.0129162666666664
135,135,135,8.1,-7.153359666666668,1.0550576666666667,-0.0018110833333333,-0.0124321499999998
136,136,136,8.16,-6.753891166666667,0.9314316666666667,-0.0015474166666667,-0.0117914999999998
137,137,137,8.22,-7.054513666666667,0.7071375,-0.00141485,-0.0120387499999998
138,138,138,8.28,-7.02049,0.7306923333333333,-0.0013145499999999,-0.0121308999999998
139,139,139,8.34,-7.018275833333334,0.7164948333333334,-0.00128975,-0.0121269499999998
140,140,140,8.4,-7.0277400000000005,0.8237006666666669,-0.0014326999999999,-0.0121893833333331
141,141,141,8.46,-7.299158166666667,0.928355333333333,-0.0015840166666666,-0.0126923166666665
142,142,142,8.52,-7.792125333333333,1.0429033333333333,-0.0017860666666667,-0.0135438499999998
143,143,143,8.58,-8.356067333333334,1.0304024999999999,-0.00184855,-0.0144368833333331
144,144,144,8.64,-8.547766833333334,1.0694721666666676,-0.0019034333333333,-0.0147831666666665
145,145,145,8.7,-8.441334333333334,1.0888958333333332,-0.0019006499999999,-0.0146348333333332
146,146,146,8.76,-8.508161833333332,1.0928328333333335,-0.00188775,-0.0147704999999998
147,147,147,8.82,-8.720251666666666,0.9962046666666668,-0.0018331833333333,-0.0150258666666665
148,148,148,8.88,-8.709183833333332,0.9877616666666664,-0.0016751666666667,-0.0151490499999998
149,149,149,8.94,-8.9290215,0.8854146666666667,-0.00155135,-0.0154771999999999
150,150,150,9.0,-8.839551,0.8151544999999996,-0.0014619833333332,-0.0152893666666665
151,151,151,9.06,-8.581403666666665,0.7194148333333328,-0.0012803833333333,-0.0148565999999998
152,152,152,9.12,-8.669588999999998,0.7340180000000001,-0.0012864833333333,-0.0150291166666665
153,153,153,9.18,-8.839202666666667,0.8287129999999994,-0.00146575,-0.0153084833333331
154,154,154,9.24,-8.987176833333335,0.9335855000000002,-0.0016124333333333,-0.0156002999999998
155,155,155,9.3,-9.138227833333334,0.9781319999999998,-0.0017210333333333,-0.0158316666666665
156,156,156,9.36,-9.1624005,0.9457973333333329,-0.0016947833333332,-0.0158442499999998
157,157,157,9.42,-9.0027355,0.8988756666666664,-0.00164115,-0.0155396499999997
158,158,158,9.48,-8.470072166666666,0.8318379999999996,-0.0014154166666667,-0.0147238999999998
159,159,159,9.54,-8.017049499999999,0.7035286666666662,-0.0012482499999999,-0.0138812833333331
160,160,160,9.6,-7.354387500000001,0.6533594999999999,-0.0011684333333333,-0.0127230999999998
161,161,161,9.66,-7.240302833333335,0.7147518333333334,-0.0012789,-0.0125208666666664
162,162,162,9.72,-7.3547335,0.8478796666666659,-0.0014916833333333,-0.0127390666666665
163,163,163,9.78,-7.6712985,0.9790021666666668,-0.0017302166666666,-0.0132772166666665
164,164,164,9.84,-7.980342833333333,1.1353288333333333,-0.0019834,-0.0138324666666665
165,165,165,9.9,-8.019302666666666,1.1777838333333333,-0.0020128666666667,-0.0139449999999998
166,166,166,9.96,-8.068563666666666,1.126366833333333,-0.0020151833333333,-0.0139375833333331
167,167,167,10.02,-7.880697833333334,1.1000993333333333,-0.0019652666666667,-0.013615683333333
168,168,168,10.08,-7.692294333333332,1.1020653333333335,-0.0018660833333333,-0.0133938666666665
169,169,169,10.14,-7.6852298333333335,1.0192188333333332,-0.0017956666666667,-0.0133060666666664
170,170,170,10.2,-7.60604,0.9830274999999999,-0.0017333166666667,-0.0131681999999998
171,171,171,10.26,-7.579722833333336,0.9460400000000004,-0.0016564833333333,-0.0131352166666665
172,172,172,10.32,-7.605589166666667,0.9460910000000005,-0.0016579666666667,-0.0131790166666665
173,173,173,10.38,-7.61579,0.9739956666666663,-0.0017095666666667,-0.0131934166666665
174,174,174,10.44,-7.801206666666666,1.0575244999999993,-0.0018334166666667,-0.0135367166666665
175,175,175,10.5,-7.862579500000001,1.1102155000000002,-0.00189515,-0.0136737499999998
176,176,176,10.56,-7.852452500000002,1.0349983333333328,-0.0018827833333333,-0.0135349499999998
177,177,177,10.62,-7.6825535,1.0304623333333334,-0.00180955,-0.0133070833333332
178,178,178,10.68,-7.782583666666667,1.0452281666666665,-0.0017763833333333,-0.0135413666666665
179,179,179,10.74,-7.9774883333333335,0.9289386666666666,-0.0016417833333333,-0.0138104999999998
180,180,180,10.8,-8.101134666666667,0.8477284999999997,-0.00150335,-0.0140223833333331
181,181,181,10.86,-8.0825255,0.7551488333333332,-0.00132955,-0.0140036833333331
182,182,182,10.92,-7.932789666666666,0.6908233333333327,-0.0012201166666667,-0.0137412499999998
183,183,183,10.98,-7.762626833333333,0.6467639999999999,-0.0011486,-0.0134407166666665
184,184,184,11.04,-7.5181995,0.5864353333333336,-0.0010324166666667,-0.0130285499999998
185,185,185,11.1,-7.408902666666668,0.5841505,-0.0009849833333333,-0.0128850166666665
186,186,186,11.16,-7.577363666666666,0.5647218333333333,-0.0010820666666667,-0.0130389499999998
187,187,187,11.22,-7.520031666666668,0.6572359999999997,-0.0011564666666666,-0.013030583333333
188,188,188,11.28,-7.644011666666666,0.6845538333333334,-0.0011743333333332,-0.0132767666666665
189,189,189,11.34,-7.830548166666667,0.6732850000000001,-0.0012099833333333,-0.0135428333333332
190,190,190,11.4,-7.643216333333333,0.6645616666666672,-0.0011777666666667,-0.0132352499999998
191,191,191,11.46,-7.424861,0.6366976666666668,-0.0011171,-0.0128692499999998
192,192,192,11.52,-7.3053923333333355,0.6309673333333337,-0.0011087166666667,-0.0126602166666665
193,193,193,11.58,-7.2826070000000005,0.6524004999999999,-0.0011568666666667,-0.0126091999999998
194,194,194,11.64,-7.333557666666667,0.6893623333333327,-0.0012146833333333,-0.0127042833333331
195,195,195,11.7,-7.4408063333333345,0.7129458333333332,-0.0012221333333334,-0.0129258499999998
196,196,196,11.76,-7.7361255,0.7030424999999998,-0.0013178,-0.0133202333333331
197,197,197,11.82,-7.626359833333334,0.8115416666666668,-0.00140565,-0.0132345166666665
198,198,198,11.88,-7.639158000000001,0.8205106666666659,-0.0014206666666666,-0.0132572833333331
199,199,199,11.94,-7.679812833333334,0.802359,-0.0014309666666666,-0.0132843333333332
200,200,200,12.0,-7.633923,0.8079949999999998,-0.0014280166666667,-0.0132179833333332
201,201,201,12.06,-7.572639166666667,0.7640371666666665,-0.0013541166666667,-0.0131089833333331
202,202,202,12.12,-7.359910833333335,0.7007355,-0.0012306833333333,-0.0127538833333331
203,203,203,12.18,-7.1924825,0.6859616666666664,-0.0012082666666667,-0.0124598166666665
204,204,204,12.24,-7.065528499999999,0.703247,-0.0012369333333333,-0.0122409666666665
205,205,205,12.3,-7.0274995,0.782630166666666,-0.00134825,-0.0122033666666665
206,206,206,12.36,-7.110062166666668,0.767368333333333,-0.0014240666666667,-0.0122374166666664
207,207,207,12.42,-6.876229833333333,0.788902,-0.0013703666666667,-0.0119289166666665
208,208,208,12.48,-6.640989,0.7796636666666668,-0.0013431666666667,-0.0115326499999997
209,209,209,12.54,-6.376189000000001,0.7262441666666664,-0.0012881,-0.0110322166666664
210,210,210,12.6,-5.9681906666666675,0.6971919999999994,-0.0012264666666667,-0.0103363499999998
211,211,211,12.66,-5.327336166666668,0.6534501666666668,-0.0011381,-0.0092381499999998
212,212,212,12.72,-5.137879,0.7131548333333328,-0.0012916833333332,-0.0088522666666665
213,213,213,12.78,-5.162932333333335,0.8645323333333335,-0.0015330333333332,-0.0089200999999998
214,214,214,12.84,-5.431786000000001,1.0298653333333336,-0.0018048666666667,-0.0094041166666665
215,215,215,12.9,-5.557450500000001,1.1601803333333334,-0.0020194,-0.0096351166666665
216,216,216,12.96,-5.461823,1.101944,-0.0019796166666667,-0.0094008499999998
217,217,217,13.02,-5.136421666666668,1.1058246666666667,-0.0019464666666667,-0.0088806333333331
218,218,218,13.08,-4.82915,1.1148446666666663,-0.0019153333333333,-0.0084001999999998
219,219,219,13.14,-4.5092835,0.9723538333333333,-0.0016606166666666,-0.0078546499999998
220,220,220,13.2,-4.258693166666666,0.865889666666666,-0.0015401,-0.0073445833333331
221,221,221,13.26,-3.968562166666668,0.8793138333333328,-0.0015961833333333,-0.0068021833333331
222,222,222,13.32,-3.689594666666667,0.9538249999999993,-0.0016962666666666,-0.0063523666666665
223,223,223,13.38,-3.61589,1.0140460000000004,-0.0017891,-0.0062383999999997
224,224,224,13.44,-3.513637333333334,1.051355166666666,-0.0018484,-0.0060673499999998
225,225,225,13.5,-3.5532705,1.1187493333333334,-0.0019386833333332,-0.0061677499999998
226,226,226,13.56,-3.7386238333333326,1.0673864999999998,-0.0019372999999999,-0.0063857666666665
227,227,227,13.62,-3.6839444999999995,1.0837971666666668,-0.0019245833333332,-0.0063394666666665
228,228,228,13.68,-3.7335915000000006,1.1527313333333333,-0.0019684166666667,-0.006515083333333
229,229,229,13.74,-3.8052178333333333,1.152561333333333,-0.0020361,-0.0065592333333332
230,230,230,13.8,-3.7841140000000006,1.1839873333333328,-0.0020891333333333,-0.0065244999999997
231,231,231,13.86,-3.832704333333334,1.1905141666666659,-0.0020942166666667,-0.0066164666666664
232,232,232,13.92,-3.9273275,1.2512225000000006,-0.0021928,-0.006788633333333
233,233,233,13.98,-4.165271166666668,1.3677998333333328,-0.0023925166666667,-0.0072045333333331
234,234,234,14.04,-4.552017833333333,1.5436260000000002,-0.0026920666666667,-0.0078821833333331
235,235,235,14.1,-4.877163833333333,1.6836335000000004,-0.0029039333333333,-0.0084811999999998
236,236,236,14.16,-5.263259000000001,1.7372036666666664,-0.0031347333333333,-0.0089999833333331
237,237,237,14.22,-5.2681761666666675,1.7922928333333328,-0.0031306666666667,-0.0091174999999998
238,238,238,14.28,-5.3858871666666674,1.826877,-0.0031083333333332,-0.0094114999999998
239,239,239,14.34,-5.715135166666665,1.7640849999999997,-0.0031210166666667,-0.0098509333333331
240,240,240,14.4,-5.830073333333334,1.7853736666666662,-0.0031390999999999,-0.0100707833333331
241,241,241,14.46,-5.9110086666666675,1.8349751666666663,-0.0031950333333334,-0.0102438166666664
242,242,242,14.52,-6.0629100000000005,1.8981151666666665,-0.0033168,-0.0104945999999998
243,243,243,14.58,-6.1435854999999995,1.9539489999999997,-0.0034019833333333,-0.0106470833333332
244,244,244,14.64,-6.052430333333333,1.9279218333333326,-0.00335865,-0.0104867333333332
245,245,245,14.7,-5.7496455000000015,1.8579591666666664,-0.0032268833333333,-0.0099722833333331
246,246,246,14.76,-5.602598333333334,1.7556001666666665,-0.0031384833333333,-0.0096208166666665
247,247,247,14.82,-5.2529725,1.7329500000000002,-0.002972,-0.0091521166666665
248,248,248,14.88,-5.186883666666668,1.5853221666666668,-0.0027732166666667,-0.0089743833333332
249,249,249,14.94,-5.023669833333334,1.5330018333333335,-0.0026783333333333,-0.0086956666666665
250,250,250,15.0,-4.865437333333334,1.5220731666666667,-0.00267215,-0.0084065833333331
251,251,251,15.06,-4.6231545,1.4703993333333343,-0.00256655,-0.0080039833333331
252,252,252,15.12,-4.401790166666667,1.3919005,-0.002444,-0.0076041666666665
253,253,253,15.18,-4.211116,1.3575969999999993,-0.0023748666666667,-0.0072840666666664
254,254,254,15.24,-4.047195,1.3440898333333327,-0.0023438333333333,-0.0070083666666665
255,255,255,15.3,-3.9767374999999996,1.3468024999999995,-0.00235945,-0.0068734166666665
256,256,256,15.36,-3.9055491666666677,1.3364665,-0.0024045333333333,-0.0066765999999998
257,257,257,15.42,-3.8038161666666674,1.4127303333333328,-0.0024265666666667,-0.0066283666666665
258,258,258,15.48,-3.9592318333333343,1.420404833333334,-0.0024947666666667,-0.0068342333333331
259,259,259,15.54,-3.8682135000000004,1.4487074999999994,-0.0025366833333333,-0.0066845666666665
260,260,260,15.6,-3.7228383333333337,1.4290655000000003,-0.0025063333333333,-0.006427883333333
261,261,261,15.66,-3.4367021666666675,1.4064979999999991,-0.0024527166666667,-0.0059482166666665
262,262,262,15.72,-3.4466508333333334,1.4062323333333329,-0.0024681333333333,-0.0059467833333331
263,263,263,15.78,-3.5708080000000004,1.4099169999999996,-0.00246575,-0.0061724499999998
264,264,264,15.84,-3.8096856666666663,1.4567234999999992,-0.0025334833333334,-0.0066028666666664
265,265,265,15.9,-4.0680404999999995,1.4713236666666663,-0.0026040333333333,-0.0069994333333331
266,266,266,15.96,-4.077859833333333,1.4919143333333331,-0.0026417833333333,-0.0070140499999998
267,267,267,16.02,-4.084943999999999,1.5344161666666662,-0.0026343,-0.0071195666666665
268,268,268,16.08,-4.155677666666667,1.4752611666666668,-0.00259945,-0.0071645166666665
269,269,269,16.14,-4.0731193333333335,1.4861535,-0.002606,-0.0070352499999997
270,270,270,16.2,-4.169671500000001,1.5091936666666663,-0.0026593,-0.0071878333333331
271,271,271,16.26,-4.425514000000001,1.6156649999999995,-0.00282845,-0.0076497666666664
272,272,272,16.32,-4.818973333333334,1.6961181666666674,-0.00297495,-0.0083251833333331
273,273,273,16.38,-4.9540301666666675,1.6945858333333335,-0.0029548,-0.0085789833333332
274,274,274,16.44,-4.851313,1.5784884999999993,-0.0027475333333333,-0.0084073999999998
275,275,275,16.5,-4.608720333333334,1.4577961666666663,-0.0025582333333333,-0.0079633666666665
276,276,276,16.56,-4.333180666666667,1.3275080000000001,-0.00238435,-0.0074253833333331
277,277,277,16.62,-4.030621333333333,1.3001844999999999,-0.0022095166666667,-0.0070468999999998
278,278,278,16.68,-4.290739666666666,1.2284446666666669,-0.0021738,-0.0073955333333331
279,279,279,16.74,-4.3931138333333335,1.2370653333333335,-0.0021797666666667,-0.0075837666666664
280,280,280,16.8,-4.4498405000000005,1.2258993333333328,-0.00217135,-0.0076696833333331
281,281,281,16.86,-4.267143166666667,1.1644579999999993,-0.00202765,-0.0073950833333331
282,282,282,16.92,-4.049530833333333,1.0592111666666668,-0.0018788333333333,-0.0069779833333331
283,283,283,16.98,-3.7316051666666668,1.023618666666666,-0.0017913833333332,-0.0064562833333332
284,284,284,17.04,-3.5465706666666676,0.9967974999999993,-0.0017431666666667,-0.0061370999999998
285,285,285,17.1,-3.5527538333333357,1.0010685,-0.0017502666666667,-0.0061482666666665
286,286,286,17.16,-3.7450385000000006,1.0339541666666663,-0.0018910666666667,-0.0063826666666665
287,287,287,17.22,-3.6843048333333326,1.1445988333333332,-0.0019517333333333,-0.0064326166666665
288,288,288,17.28,-3.680780166666667,1.1321198333333335,-0.00198635,-0.0063600833333331
289,289,289,17.34,-3.5777715000000003,1.1565986666666668,-0.0020355666666667,-0.0061733499999998
290,290,290,17.4,-3.6278645000000007,1.2164475,-0.00214825,-0.0062498166666665
291,291,291,17.46,-3.7266006666666676,1.3305706666666666,-0.00231885,-0.0064538166666665
292,292,292,17.52,-3.876457166666666,1.383728999999999,-0.0024245,-0.0066981999999998
293,293,293,17.58,-3.8715678333333328,1.4550129999999994,-0.0025415666666667,-0.0066974166666665
294,294,294,17.64,-3.7374095000000005,1.4963721666666663,-0.00260375,-0.0064757666666665
295,295,295,17.7,-3.4495256666666676,1.5695213333333333,-0.0026795333333333,-0.0060358666666665
296,296,296,17.76,-3.3159810000000003,1.4793946666666664,-0.0027046833333333,-0.0055906499999998
297,297,297,17.82,-3.045049166666667,1.6244058333333333,-0.0028038666666667,-0.005300383333333
298,298,298,17.88,-3.062283666666667,1.6506485,-0.0028802166666667,-0.0052938666666665
299,299,299,17.94,-3.0393933333333343,1.676593333333333,-0.0029377,-0.0052393833333331
300,300,300,18.0,-2.932685166666668,1.6807936666666667,-0.002962,-0.0050342666666665
301,301,301,18.06,-2.7514606666666674,1.7054753333333346,-0.0029645666666667,-0.0047671666666665
302,302,302,18.12,-2.5573696666666677,1.7055134999999995,-0.002985,-0.0044060666666665
303,303,303,18.18,-2.3492150000000005,1.7180791666666662,-0.00301135,-0.0040394166666665
304,304,304,18.24,-2.3197898333333344,1.7497016666666663,-0.0030581333333333,-0.0039980666666665
305,305,305,18.3,-2.2413206666666663,1.7860554999999994,-0.0030933999999999,-0.0038953499999998
306,306,306,18.36,-2.3393336666666675,1.7627916666666672,-0.0031698166666667,-0.0039247999999998
307,307,307,18.42,-2.2766638333333344,1.8507158333333336,-0.0031936666666666,-0.0039708166666665
308,308,308,18.48,-2.4173673333333334,1.8401666666666667,-0.0031983999999999,-0.0041873333333332
309,309,309,18.54,-2.460533833333333,1.7811344999999994,-0.0031140666666666,-0.0042405499999998
310,310,310,18.6,-2.4209166666666673,1.7520609999999994,-0.0030672166666667,-0.0041675166666665
311,311,311,18.66,-2.3282025,1.7502015000000002,-0.00304875,-0.0040249499999998
312,312,312,18.72,-2.244885833333334,1.7575540000000003,-0.0030912166666667,-0.0038444833333331
313,313,313,18.78,-2.3636331666666677,1.809937333333333,-0.0031755666666666,-0.0040586166666665
314,314,314,18.84,-2.7645735000000005,1.9259413333333324,-0.0033650666666667,-0.0047688499999998
315,315,315,18.9,-3.335204333333334,2.1054126666666675,-0.0036343,-0.0058083166666665
316,316,316,18.96,-3.6592330000000013,2.132051833333333,-0.0037914666666667,-0.006243883333333
317,317,317,19.02,-3.5826231666666675,2.171760833333333,-0.0037381999999999,-0.0062500333333331
318,318,318,19.08,-3.725112666666667,2.1825975,-0.0037959166666667,-0.0064530166666665
319,319,319,19.14,-4.032172833333333,2.2303305,-0.0039081166666667,-0.0069528166666664
320,320,320,19.2,-4.2967525,2.2823884999999997,-0.0040015166666667,-0.0074088999999998
321,321,321,19.26,-4.371745,2.3222686666666665,-0.0040331833333333,-0.0075807999999998
322,322,322,19.32,-4.558801,2.3694703333333336,-0.0041465,-0.0078709333333331
323,323,323,19.38,-4.800395166666666,2.4854270000000005,-0.0043283666666667,-0.0083113333333331
324,324,324,19.44,-5.1440306666666675,2.578192499999999,-0.00448745,-0.0089097999999998
325,325,325,19.5,-5.4576253333333336,2.6108995000000004,-0.0045183833333333,-0.009481583333333
326,326,326,19.56,-5.937308333333333,2.615564333333332,-0.0046339666666667,-0.0102020833333331
327,327,327,19.62,-5.9301553333333334,2.654018,-0.0045839166666667,-0.0103105999999998
328,328,328,19.68,-5.904400333333334,2.603429833333333,-0.0045211333333334,-0.0102400333333332
329,329,329,19.74,-5.838264000000001,2.5514478333333335,-0.00444945,-0.0101060666666665
330,330,330,19.8,-5.653186833333335,2.514670166666667,-0.0043958,-0.0097741999999997
331,331,331,19.86,-5.366248666666667,2.5909836666666664,-0.0045080833333333,-0.0092971333333332
332,332,332,19.92,-5.021745833333335,2.5823846666666666,-0.00450455,-0.0086871666666665
333,333,333,19.98,-4.551520166666667,2.5483178333333325,-0.0044567333333333,-0.0078585499999998
334,334,334,20.04,-3.9458955000000007,2.514867,-0.0043769833333333,-0.0068310833333331
335,335,335,20.1,-3.322952666666667,2.5000176666666665,-0.0043177,-0.0057881166666665
336,336,336,20.16,-2.8042238333333334,2.4475080000000005,-0.0043287333333334,-0.0047702666666665
337,337,337,20.22,-2.3315543333333335,2.4489794999999996,-0.0042596166666667,-0.0040330499999998
338,338,338,20.28,-2.1532191666666662,2.412765666666666,-0.0041668166666667,-0.0037587499999997
339,339,339,20.34,-2.084024833333334,2.3381725000000007,-0.0040900166666667,-0.0035763499999998
340,340,340,20.4,-2.033432833333334,2.3542586666666665,-0.0041116166666667,-0.0034959499999998
341,341,341,20.46,-1.9127188333333338,2.3308628333333345,-0.0040524,-0.0033085833333331
342,342,342,20.52,-1.8408171666666666,2.162143666666666,-0.0037875,-0.0031501999999998
343,343,343,20.58,-1.8551515000000012,2.2716431666666668,-0.00394835,-0.0032103333333331
344,344,344,20.64,-1.615444166666667,2.4732176666666668,-0.0042711,-0.0028266666666665
345,345,345,20.7,-1.2848736666666665,2.9261948333333345,-0.0050648666666667,-0.0022434833333331
346,346,346,20.76,-0.9309821666666669,3.3207493333333336,-0.00573945,-0.0016415333333331
347,347,347,20.82,-0.5399043333333333,3.3907618333333334,-0.0060024666666667,-0.0007939666666667
348,348,348,20.88,0.2755921666666662,3.3774226666666674,-0.0059005,0.0005280333333333
349,349,349,20.94,0.4637630000000005,3.427853833333334,-0.0060389333333334,0.0009175499999999
350,350,350,21.0,0.2977906666666662,3.538984833333333,-0.0062327,0.0006295166666667
351,351,351,21.06,0.18736866666666596,3.676673166666667,-0.00640915,0.0003616333333333
352,352,352,21.12,-0.0659770000000004,3.6407608333333332,-0.0063047833333333,-0.0001288166666667
353,353,353,21.18,-0.3873641666666662,3.519698666666667,-0.0061281333333333,-0.0006464666666667
354,354,354,21.24,-0.6669539999999996,3.2971103333333334,-0.0057292,-0.0011468666666666
355,355,355,21.3,-1.0003425000000001,3.0531473333333334,-0.0052797666666667,-0.0017565833333331
356,356,356,21.36,-1.5376141666666672,2.8100266666666665,-0.0049466,-0.0025836166666665
357,357,357,21.42,-2.3883458333333336,2.9810441666666665,-0.0052009166666667,-0.0041100333333331
358,358,358,21.48,-3.351492500000001,3.0972098333333333,-0.0053287166666667,-0.0058650833333331
359,359,359,21.54,-3.966248333333334,2.776577166666666,-0.00485265,-0.0068427833333331
360,360,360,21.6,-4.120879166666667,2.3919704999999993,-0.0042272833333333,-0.0070640999999998
361,361,361,21.66,-4.1069635,2.1947036666666664,-0.00381335,-0.0071197499999998
362,362,362,21.72,-4.194090166666666,2.1086676666666673,-0.0036793333333334,-0.0072537666666665
363,363,363,21.78,-4.249115666666667,2.0817460000000003,-0.0036608166666667,-0.0073176166666665
364,364,364,21.84,-4.336159333333335,2.171984333333333,-0.0037699833333333,-0.0075215999999997
365,365,365,21.9,-4.9240976666666665,2.5022801666666665,-0.00428595,-0.0086031999999998
366,366,366,21.96,-6.164486500000001,2.8914728333333333,-0.0050941,-0.0106174999999997
367,367,367,22.02,-6.652018,2.9816853333333326,-0.0052375833333333,-0.0114773166666665
368,368,368,22.08,-6.678697666666667,2.799957166666667,-0.0048753,-0.0115703999999998
369,369,369,22.14,-6.651655500000001,2.705209333333333,-0.0046914333333333,-0.0115430666666665
370,370,370,22.2,-6.601886166666667,2.7025091666666676,-0.0047197,-0.0114234833333332
371,371,371,22.26,-6.720274500000001,2.7364328333333345,-0.0047590833333333,-0.0116485499999998
372,372,372,22.32,-6.879562833333332,2.6989865000000006,-0.0047022666666667,-0.0119168499999998
373,373,373,22.38,-7.0833796666666675,2.7135789999999997,-0.0047306,-0.0122675166666664
374,374,374,22.44,-7.257495,2.6864694999999994,-0.0046856166666667,-0.0125679166666665
375,375,375,22.5,-7.3314905,2.6913483333333335,-0.0046394666666667,-0.0127500666666665
376,376,376,22.56,-7.421653833333333,2.587562166666667,-0.0045758666666667,-0.012791933333333
377,377,377,22.62,-7.168801833333335,2.5108036666666673,-0.00436775,-0.0124269499999998
378,378,378,22.68,-6.9731565,2.4362969999999993,-0.0042087666666667,-0.0121169666666665
379,379,379,22.74,-6.767498333333335,2.307776166666666,-0.0040318166666667,-0.0117137499999997
380,380,380,22.8,-6.719160333333334,2.2786529999999994,-0.0039903333333333,-0.0116203499999998
381,381,381,22.86,-6.721827,2.376358166666667,-0.0041304833333333,-0.0116550166666664
382,382,382,22.92,-6.831574000000002,2.4631034999999994,-0.0043128666666667,-0.0118133166666665
383,383,383,22.98,-6.837888833333333,2.454580833333334,-0.0042974,-0.0118249666666664
384,384,384,23.04,-6.796722666666668,2.4135641666666663,-0.0041892666666667,-0.0117909333333332
385,385,385,23.1,-6.666981166666667,2.3097499999999993,-0.0039914,-0.0115839166666665
386,386,386,23.16,-6.716046666666666,2.1281124999999994,-0.0037781166666667,-0.0115645999999998
387,387,387,23.22,-6.41737,2.0255269999999994,-0.0034790166666667,-0.0111712333333331
388,388,388,23.28,-6.1925178333333335,1.8667108333333324,-0.0032699499999999,-0.0107112833333332
389,389,389,23.34,-5.869923000000001,1.8064505000000008,-0.0031590666666666,-0.0101580499999998
390,390,390,23.4,-5.3788675,1.7062123333333328,-0.0030070166666667,-0.0092813499999998
391,391,391,23.46,-4.727425500000001,1.6977773333333328,-0.00294965,-0.0081979999999998
392,392,392,23.52,-4.207149500000001,1.8007421666666672,-0.0031165,-0.0073083166666664
393,393,393,23.58,-3.8509581666666666,1.8680138333333334,-0.00326155,-0.0066581499999997
394,394,394,23.64,-3.2838016666666667,1.9026718333333328,-0.0032818833333333,-0.0057200333333331
395,395,395,23.7,-2.8217023333333335,1.8493129999999995,-0.0032354,-0.0048639666666665
396,396,396,23.76,-2.7230416666666675,1.8155325000000002,-0.0032472333333332,-0.0046091666666665
397,397,397,23.82,-2.8344578333333335,1.9481869999999994,-0.0033594833333333,-0.0049420166666665
398,398,398,23.88,-3.4354693333333333,1.9465953333333323,-0.00343475,-0.0058945499999998
399,399,399,23.94,-3.7322108333333337,1.9009674999999988,-0.0033572166666667,-0.0064078999999998
400,400,400,24.0,-3.7676055000000006,1.8955691666666659,-0.0032959833333333,-0.0065288166666665
401,401,401,24.06,-3.6514085000000005,1.7984613333333326,-0.0030951499999999,-0.0063641999999998
402,402,402,24.12,-3.73184,1.6373111666666662,-0.00288605,-0.0064225999999998
403,403,403,24.18,-3.557856833333334,1.6275906666666669,-0.0028230666666667,-0.0061739333333331
404,404,404,24.24,-3.177030166666666,1.6345751666666661,-0.002849,-0.0054967833333331
405,405,405,24.3,-2.8178425000000002,1.6478008333333336,-0.00289625,-0.0048445666666665
406,406,406,24.36,-2.626531166666667,1.6007459999999996,-0.0029053166666667,-0.0044037166666665
407,407,407,24.42,-2.2791278333333342,1.6540274999999998,-0.0028823666666667,-0.0039389833333331
408,408,408,24.48,-2.3216835000000002,1.7869639999999998,-0.0031167166666667,-0.0040086666666665
409,409,409,24.54,-2.3718405000000002,1.9988948333333338,-0.0034669999999999,-0.0041165499999998
410,410,410,24.6,-2.6445485,2.189982499999999,-0.0038220833333332,-0.0045620166666665
411,411,411,24.66,-2.8278665000000003,2.3777690000000002,-0.0041151,-0.0049184166666665
412,412,412,24.72,-2.8423853333333335,2.4231161666666665,-0.0041949833333333,-0.0049421833333332
413,413,413,24.78,-2.7714220000000007,2.372346333333333,-0.0041245666666667,-0.0047985666666665
414,414,414,24.84,-3.0351608333333338,2.356223499999999,-0.00411945,-0.0052298666666664
415,415,415,24.9,-3.6352253333333344,2.3596256666666666,-0.0041364,-0.0062597499999998
416,416,416,24.96,-4.440386833333333,2.469445666666667,-0.0043665,-0.0076141833333331
417,417,417,25.02,-4.943755500000001,2.6083455000000004,-0.0044847166666667,-0.0086213666666665
418,418,418,25.08,-5.535871166666667,2.5643696666666664,-0.00447155,-0.0095817333333331
419,419,419,25.14,-6.066041666666667,2.4644186666666665,-0.0043655833333333,-0.0104316833333332
420,420,420,25.2,-6.369994833333335,2.427896666666667,-0.0042462833333333,-0.0110174999999998
421,421,421,25.26,-6.512389333333333,2.447083666666667,-0.0042545,-0.0112902833333331
422,422,422,25.32,-6.718470666666666,2.5276803333333344,-0.0044120833333333,-0.011629983333333
423,423,423,25.38,-6.842276166666667,2.598634,-0.0045152166666667,-0.0118650833333331
424,424,424,25.44,-7.066971333333335,2.7221913333333325,-0.0046672,-0.0123167166666665
425,425,425,25.5,-7.522706,2.671272833333333,-0.0046802833333333,-0.0130080666666665
426,426,426,25.56,-8.126464333333333,2.646000666666666,-0.0046851833333333,-0.0140090666666665
427,427,427,25.62,-8.955585166666667,2.818341166666667,-0.0048567,-0.0155689499999998
428,428,428,25.68,-9.611566,2.9388203333333336,-0.0051069,-0.0166693833333331
429,429,429,25.74,-10.016685833333334,2.981411333333333,-0.00522185,-0.0173362833333332
430,430,430,25.8,-10.421841999999998,3.1093566666666663,-0.0054342666666667,-0.0180483999999998
431,431,431,25.86,-10.692916499999999,3.2680214999999992,-0.0056715666666667,-0.0185513666666665
432,432,432,25.92,-11.1762645,3.445546333333333,-0.0059893333333333,-0.0193821666666665
433,433,433,25.98,-11.19402033333333,3.4340506666666664,-0.0060046666666667,-0.0193838833333332
434,434,434,26.04,-10.936244333333336,3.320531,-0.0057681166666667,-0.0189690999999998
435,435,435,26.1,-11.063299666666667,3.1332079999999993,-0.005532,-0.0191151666666665
436,436,436,26.16,-11.031816666666666,2.993900666666666,-0.0052384,-0.0191038666666665
437,437,437,26.22,-10.952189000000004,2.7895194999999995,-0.0048373,-0.0190046666666665
438,438,438,26.28,-10.686142333333336,2.4655111666666665,-0.0043118166666667,-0.0185111999999998
439,439,439,26.34,-10.127604999999999,2.165479333333333,-0.0038206333333332,-0.0175145999999998
440,440,440,26.4,-9.359675000000001,1.9395661666666664,-0.0033798166666667,-0.0162258999999998
441,441,441,26.46,-8.852483333333332,1.7863501666666664,-0.0030887333333333,-0.0153696166666664
442,442,442,26.52,-8.552067000000001,1.6247301666666658,-0.00282425,-0.0148329666666665
443,443,443,26.58,-8.4349005,1.4496463333333331,-0.0025332,-0.0146169333333331
444,444,444,26.64,-8.491033999999999,1.4125754999999993,-0.0024516166666667,-0.0147315333333331
445,445,445,26.7,-8.70937,1.3173739999999994,-0.00239945,-0.0149991166666665
446,446,446,26.76,-8.347980333333334,1.4011946666666664,-0.0024368,-0.0144784999999998
447,447,447,26.82,-8.016669833333331,1.4045925000000004,-0.0024567666666667,-0.0138891499999998
448,448,448,26.88,-7.453501166666669,1.4248614999999991,-0.00250265,-0.0129009833333331
449,449,449,26.94,-6.908332500000001,1.4750463333333332,-0.0025786,-0.0119660333333332
450,450,450,27.0,-7.119669500000002,1.6312945,-0.0028200166666667,-0.0123637166666665
451,451,451,27.06,-7.862425500000002,1.7653021666666668,-0.0031173,-0.0135872499999998
452,452,452,27.12,-8.397548833333333,1.9479723333333339,-0.0034130166666666,-0.0145377499999997
453,453,453,27.18,-8.724775166666666,2.0581153333333324,-0.0035729833333333,-0.0151356666666665
454,454,454,27.24,-8.953766499999999,2.2287891666666675,-0.00383435,-0.0155660833333331
455,455,455,27.3,-9.545539166666668,2.3344463333333327,-0.0041654166666667,-0.0164564333333332
456,456,456,27.36,-9.766001,2.5578735,-0.0044411166666667,-0.0169413166666665
457,457,457,27.42,-10.090135833333335,2.6968223333333334,-0.00466555,-0.0175188166666665
458,458,458,27.48,-10.253209666666667,2.7934736666666655,-0.0048921,-0.0177499999999998
459,459,459,27.54,-10.324488499999998,2.9436099999999996,-0.0051415,-0.0178837333333332
460,460,460,27.6,-10.450846833333333,3.0777868333333323,-0.0053736666666667,-0.0181037333333332
461,461,461,27.66,-10.639011499999999,3.1740215,-0.0055406,-0.0184305166666665
462,462,462,27.72,-10.824890833333335,3.2317901666666673,-0.0056413833333333,-0.0187528666666665
463,463,463,27.78,-10.737757499999997,3.1944728333333323,-0.0055701666666667,-0.0186068833333332
464,464,464,27.84,-10.626432000000001,3.1488541666666663,-0.0054450166666667,-0.0184529333333331
465,465,465,27.9,-10.614768166666666,3.079452666666666,-0.0054515333333333,-0.0183242666666665
466,466,466,27.96,-10.303068999999999,2.9898193333333345,-0.00519695,-0.0178681499999998
467,467,467,28.02,-10.262737333333332,2.8351231666666665,-0.0049225833333333,-0.0178031833333332
468,468,468,28.08,-10.237499833333336,2.6117913333333336,-0.00458785,-0.0177127666666665
469,469,469,28.14,-10.160459,2.5048943333333322,-0.0043904666666667,-0.0175894166666665
470,470,470,28.2,-9.914206666666663,2.4419331666666655,-0.0042358,-0.0172024999999998
471,471,471,28.26,-9.835449333333335,2.3873991666666665,-0.00415545,-0.0170529333333332
472,472,472,28.32,-9.677882666666669,2.330926166666667,-0.0040557166666667,-0.0167811833333332
473,473,473,28.38,-9.409383333333336,2.2977793333333345,-0.0039879666666667,-0.0163245499999998
474,474,474,28.44,-8.947019333333332,2.3295431666666664,-0.0040398166666667,-0.0155251666666665
475,475,475,28.5,-8.347441666666668,2.4269246666666664,-0.0043190833333333,-0.0143795333333331
476,476,476,28.56,-7.418604833333335,3.021101166666667,-0.0052900333333333,-0.0128249833333331
477,477,477,28.62,-6.2868794999999995,3.605230166666666,-0.00620005,-0.0109625166666665
478,478,478,28.68,-5.915762666666667,3.6917376666666666,-0.0064090833333333,-0.010260333333333
479,479,479,28.74,-6.2517381666666685,3.6795023333333337,-0.0064226,-0.0108090499999998
480,480,480,28.8,-6.7022996666666685,3.6454638333333333,-0.0063662666666667,-0.0115885666666665
481,481,481,28.86,-6.983472166666668,3.741205000000001,-0.0065099666666667,-0.0120983333333331
482,482,482,28.92,-7.0066421666666665,3.7465676666666656,-0.0064979666666667,-0.0121591999999997
483,483,483,28.98,-7.160097666666665,3.2239785,-0.0056037333333333,-0.0124131833333331
484,484,484,29.04,-7.341467166666667,2.5171454999999994,-0.00436725,-0.0127380499999998
485,485,485,29.1,-7.703785,1.5245596666666663,-0.0026973666666667,-0.0133132666666664
486,486,486,29.16,-8.433932500000001,0.4918223333333332,-0.0008949833333333,-0.0145905666666664
487,487,487,29.22,-9.231727000000001,-0.4943593333333334,0.0008244833333332,-0.0159829166666665
488,488,488,29.28,-9.845920999999999,-1.5115165000000004,0.0025812833333331,-0.0170397499999998
489,489,489,29.34,-10.262116500000001,-2.4495705000000005,0.0042313499999998,-0.0177850833333332
490,490,490,29.4,-10.451180666666668,-3.0564741666666677,0.0052907666666665,-0.0181195666666665
491,491,491,29.46,-10.5035125,-3.0570735,0.0052379499999998,-0.0181513833333332
492,492,492,29.52,-10.371391833333336,-2.796633500000001,0.0048021833333331,-0.0179402333333332
493,493,493,29.58,-10.448509,-2.7795711666666674,0.0048732833333331,-0.0181833999999998
494,494,494,29.64,-10.812064333333334,-2.84598,0.0049612666666665,-0.0187843833333332
495,495,495,29.7,-11.215944166666668,-2.6727990000000004,0.0046554166666665,-0.0194783999999998
496,496,496,29.76,-11.8315995,-2.217731,0.0038221499999998,-0.0205029666666665
497,497,497,29.82,-11.692584166666668,-2.3349126666666664,0.0039553166666665,-0.0201904999999998
498,498,498,29.88,-11.007857999999999,-2.5212710000000005,0.0043412999999998,-0.0190643666666665
499,499,499,29.94,-10.796268666666668,-2.8729315,0.0049723666666665,-0.0187186833333331
500,500,500,30.0,-10.805136166666667,-3.2609083333333335,0.0056300833333331,-0.0187169499999998
501,501,501,30.06,-11.431046666666667,-3.309488333333334,0.0057316833333331,-0.0198221833333332
502,502,502,30.12,-12.174750000000001,-3.2856693333333338,0.0056609833333331,-0.0210827499999998
503,503,503,30.18,-12.742463166666667,-3.2645593333333336,0.0056458333333331,-0.0220901666666665
504,504,504,30.24,-13.545909666666667,-3.348745666666667,0.0058205999999998,-0.0235126666666665
505,505,505,30.3,-14.445156833333336,-3.418307333333334,0.0059046833333331,-0.0250390666666665
506,506,506,30.36,-15.186555499999997,-3.4656545000000007,0.0059231166666665,-0.0262683499999998
507,507,507,30.42,-15.374465000000004,-3.427567999999999,0.0059504499999998,-0.0266784333333332
508,508,508,30.48,-15.541400000000001,-3.365136166666666,0.0058202333333331,-0.0269487499999998
509,509,509,30.54,-15.326764666666664,-3.2160920000000006,0.0055252999999998,-0.0265441833333331
510,510,510,30.6,-15.097108166666663,-2.9876381666666663,0.0051751166666665,-0.0261863833333332
511,511,511,30.66,-15.602352666666668,-2.871179166666667,0.0049864833333331,-0.0270746333333332
512,512,512,30.72,-16.497590666666667,-2.6394465,0.0045930333333331,-0.0286351499999998
513,513,513,30.78,-17.6144295,-2.3373668333333337,0.0039809666666665,-0.0305059833333332
514,514,514,30.84,-18.34086033333333,-2.3666711666666664,0.0040476333333331,-0.0317799499999998
515,515,515,30.9,-18.246202500000003,-2.7337033333333336,0.0047132499999998,-0.0316360166666665
516,516,516,30.96,-17.7316205,-2.9888683333333335,0.0051209833333331,-0.0307153499999998
517,517,517,31.02,-16.610980833333336,-3.1260908333333335,0.0053638999999998,-0.0287711833333332
518,518,518,31.08,-14.599320999999998,-3.3548243333333336,0.0057312999999998,-0.0252486333333332
519,519,519,31.14,-11.972229166666672,-3.1114658333333343,0.0054270833333331,-0.0208019666666665
520,520,520,31.2,-10.357443166666668,-2.5188441666666663,0.0043976666666664,-0.0179999999999998
521,521,521,31.26,-10.094986166666667,-2.314188,0.0040416333333331,-0.0175435333333331
522,522,522,31.32,-10.474248666666668,-2.369096833333333,0.0040936166666664,-0.0181552999999998
523,523,523,31.38,-10.614438000000002,-2.449785166666666,0.0042194666666665,-0.0183835333333332
524,524,524,31.44,-10.67970466666667,-2.5524138333333335,0.0044172333333331,-0.0185175166666665
525,525,525,31.5,-10.813109666666664,-2.3401433333333337,0.0040807666666665,-0.0187826666666665
526,526,526,31.56,-11.13415866666667,-1.9830425,0.0033479666666665,-0.0192240999999998
527,527,527,31.62,-11.464076,-1.5124863333333336,0.0025986666666665,-0.0198651833333332
528,528,528,31.68,-12.119349166666668,-1.017128666666667,0.0017597499999998,-0.0210230499999998
529,529,529,31.74,-12.271526833333333,-0.7572139999999996,0.0012864166666665,-0.0212661166666665
530,530,530,31.8,-12.158362499999999,-0.7183881666666665,0.0012336999999998,-0.0210835333333332
531,531,531,31.86,-11.843376,-0.8381236666666666,0.0014462333333331,-0.0205411999999998
532,532,532,31.92,-11.374937166666667,-0.6880913333333336,0.0011875999999998,-0.0197299333333331
533,533,533,31.98,-10.6553635,-0.07656966666666681,0.0002164166666667,-0.0185679833333332
534,534,534,32.04,-9.764579166666666,0.4214578333333329,-0.00061685,-0.0170529166666665
535,535,535,32.1,-9.439326999999999,0.27250183333333283,-0.0006573499999999,-0.0161940333333331
536,536,536,32.16,-8.498057833333332,0.07581283333333305,-0.0003084333333333,-0.0145606166666665
537,537,537,32.22,-7.786845833333334,-0.0007593333333335006,-5.526666666670003e-05,-0.0134499333333331
538,538,538,32.28,-7.4467748333333335,-0.2360921666666668,0.0003906833333333,-0.0128995999999998
539,539,539,32.34,-7.088134833333333,-0.7394958333333335,0.0012394499999998,-0.0122486166666665
540,540,540,32.4,-6.477816833333334,-1.3132043333333336,0.0022758999999998,-0.0112365999999998
541,541,541,32.46,-5.700761833333335,-2.0977083333333337,0.0036512166666665,-0.0099051833333331
542,542,542,32.52,-5.415220333333335,-3.0018103333333337,0.0051624833333331,-0.0093347166666665
543,543,543,32.58,-5.4869693333333345,-3.4741586666666673,0.0059941499999998,-0.0094745999999998
544,544,544,32.64,-5.792380666666667,-3.7657054999999997,0.0065058999999998,-0.0100122333333331
545,545,545,32.7,-6.104742000000001,-3.989509,0.0069448499999998,-0.0106228166666665
546,546,546,32.76,-6.540544000000001,-4.450182833333334,0.0076467833333331,-0.0112466166666664
547,547,547,32.82,-6.984840666666669,-4.859533333333333,0.0083925499999998,-0.0120656999999998
548,548,548,32.88,-7.446338166666668,-5.157270166666667,0.0089696166666665,-0.0129489833333332
549,549,549,32.94,-8.076331,-5.304806666666667,0.0092071333333331,-0.0140169833333331
550,550,550,33.0,-8.643339166666665,-5.114280333333334,0.0088282166666665,-0.0149374833333331
551,551,551,33.06,-8.949461,-4.705470833333333,0.0081322499999998,-0.0154873999999998
552,552,552,33.12,-9.324275166666666,-4.099328833333335,0.0070752833333331,-0.0161330999999998
553,553,553,33.18,-9.7359255,-3.4112213333333337,0.0058970833333331,-0.0168672833333332
554,554,554,33.24,-10.224043499999999,-2.8628441666666666,0.0049600333333331,-0.0177313499999998
555,555,555,33.3,-10.798024,-2.407745166666667,0.0041802333333331,-0.0187379833333331
556,556,556,33.36,-11.336748666666667,-1.9641811666666669,0.0033050833333331,-0.0195658166666665
557,557,557,33.42,-11.420200000000001,-1.3420405,0.0023643333333331,-0.0198493166666665
558,558,558,33.48,-11.266068833333335,-0.7440901666666665,0.0013298499999998,-0.0195846333333332
559,559,559,33.54,-11.080432166666668,-0.1982236666666667,0.0002713499999999,-0.0191562499999998
560,560,560,33.6,-10.782006833333334,0.39316216666666665,-0.0007534333333333,-0.0186403333333332
561,561,561,33.66,-10.291577333333333,1.1895511666666663,-0.0020636833333333,-0.0178564333333331
562,562,562,33.72,-9.787572166666667,1.8998638333333333,-0.0033058833333333,-0.0169730666666665
563,563,563,33.78,-9.164132333333335,2.5869998333333344,-0.0044969833333333,-0.0158922499999998
564,564,564,33.84,-8.6054315,3.2892484999999994,-0.0057471,-0.0148938333333331
565,565,565,33.9,-8.010294666666669,4.087667666666668,-0.0071174166666667,-0.0138751999999999
566,566,566,33.96,-7.423700666666667,4.857415166666668,-0.0085455833333333,-0.012773233333333
567,567,567,34.02,-6.4645315,5.7962896666666675,-0.0100730166666667,-0.0112014499999998
568,568,568,34.08,-5.297972333333334,6.780974166666668,-0.0117613666666667,-0.0091959166666665
569,569,569,34.14,-4.3740421666666665,7.247019666666666,-0.01258505,-0.0075785999999998
570,570,570,34.2,-3.7260638333333334,7.288493666666666,-0.0127185499999999,-0.0063953666666665
571,571,571,34.26,-3.5264641666666665,7.356012833333333,-0.0127920666666666,-0.0060905166666665
572,572,572,34.32,-3.7899785000000006,7.544292499999998,-0.0131067333333334,-0.0065595166666664
573,573,573,34.38,-4.263687333333333,7.551911333333334,-0.0131493666666667,-0.0073543833333331
574,574,574,34.44,-4.849043333333334,7.334433833333333,-0.01276185,-0.0083799666666665
575,575,575,34.5,-5.029779333333333,6.821689500000001,-0.0118136833333334,-0.0087470499999998
576,576,576,34.56,-5.338203999999999,5.998335833333335,-0.0105729,-0.0091057333333331
577,577,577,34.62,-5.690211833333334,5.734253666666666,-0.0099095,-0.0099100333333331
578,578,578,34.68,-6.202644499999999,5.633452,-0.00975585,-0.0107791999999998
579,579,579,34.74,-7.1308093333333336,5.647471666666667,-0.0098545666666667,-0.0123218499999998
580,580,580,34.8,-8.016017166666666,5.607284,-0.0097770166666667,-0.0138663499999998
581,581,581,34.86,-8.8336405,5.368398333333333,-0.0093586833333333,-0.0152891666666665
582,582,582,34.92,-9.384601166666666,5.086381666666667,-0.0088821833333333,-0.0162347999999998
583,583,583,34.98,-9.600372166666666,5.029858333333333,-0.0087478833333334,-0.0166396166666665
584,584,584,35.04,-9.787666,5.017557833333334,-0.0087069333333332,-0.0169810333333332
585,585,585,35.1,-9.864618833333331,5.0733950000000005,-0.0087969,-0.0171201833333331
586,586,586,35.16,-9.747490166666672,5.232188666666666,-0.0091586,-0.0168461499999998
587,587,587,35.22,-9.348207166666665,5.425729499999999,-0.0093911166666666,-0.0162384499999998
588,588,588,35.28,-9.084833666666666,5.411557500000001,-0.00941555,-0.0157403999999998
589,589,589,35.34,-8.836166833333333,5.491401666666667,-0.0095536666666667,-0.0153093333333332
590,590,590,35.4,-8.540247,5.655702166666667,-0.00986755,-0.0147711499999997
591,591,591,35.46,-8.040591666666666,5.8414443333333335,-0.0101767499999999,-0.0139147833333332
592,592,592,35.52,-7.315037500000001,6.011053,-0.01045665,-0.0126680166666665
593,593,593,35.58,-5.768866166666669,6.056853666666667,-0.0105141833333333,-0.0100041166666665
594,594,594,35.64,-5.183541833333334,6.492260166666667,-0.0113309666666666,-0.0089315166666665
595,595,595,35.7,-4.850698333333334,6.992406833333332,-0.012117,-0.0084301666666665
596,596,596,35.76,-4.829143,7.428724833333333,-0.0129684166666667,-0.0083062499999998
597,597,597,35.82,-4.7774893333333335,7.841899000000001,-0.0136689666666666,-0.0082318999999998
598,598,598,35.88,-4.996308166666668,8.059663833333332,-0.0140218666666666,-0.0086348166666665
599,599,599,35.94,-5.124561833333334,8.203713833333333,-0.0142527333333334,-0.0088744333333331
600,600,600,36.0,-5.1013744999999995,8.229482833333334,-0.0143165999999999,-0.0088171666666665
601,601,601,36.06,-5.1754285,8.385088333333334,-0.0146044666666667,-0.0089302166666665
602,602,602,36.12,-5.320204666666668,8.77836633333333,-0.01524235,-0.0092208499999998
603,603,603,36.18,-5.6430776666666675,9.187590166666666,-0.0159502333333334,-0.0097828333333331
604,604,604,36.24,-6.259012833333334,9.637440000000003,-0.0166667666666667,-0.0109046166666665
605,605,605,36.3,-7.3862863333333335,9.757412000000004,-0.0170261333333334,-0.0127399499999998
606,606,606,36.36,-8.284879166666665,9.804452333333336,-0.0170641,-0.0143345999999998
607,607,607,36.42,-9.0335475,9.670609166666667,-0.0169050666666667,-0.0155804499999998
608,608,608,36.48,-9.334238,9.490335833333333,-0.0164569833333334,-0.0162020333333331
609,609,609,36.54,-9.886215,9.167391833333333,-0.0158841833333334,-0.0171686666666665
610,610,610,36.6,-10.460325833333332,8.953571166666666,-0.0155840666666667,-0.0181140999999998
611,611,611,36.66,-11.024659833333336,8.926006999999998,-0.0155467333333334,-0.0190865166666665
612,612,612,36.72,-11.492178666666668,8.984362833333336,-0.01559995,-0.0199314666666665
613,613,613,36.78,-11.876743166666667,8.820949666666664,-0.0153442166666667,-0.0205800499999998
614,614,614,36.84,-12.126290500000001,8.719690666666667,-0.0151756166666667,-0.0210085666666665
615,615,615,36.9,-12.132306000000002,8.571416333333337,-0.0148958333333334,-0.0210339666666665
616,616,616,36.96,-11.829219166666668,8.195593000000002,-0.01423645,-0.0205127666666665
617,617,617,37.02,-11.507027666666668,7.644842833333333,-0.0133853666666667,-0.0198789499999998
618,618,618,37.08,-10.944137333333334,7.133172833333336,-0.0124549666666666,-0.0189311166666665
619,619,619,37.14,-10.143968833333332,6.600409833333333,-0.0114516666666667,-0.0176003166666665
620,620,620,37.2,-9.2397555,6.1407035,-0.0107033166666666,-0.0159914166666665
621,621,621,37.26,-7.817693833333332,5.929435,-0.0103448333333334,-0.0135146333333331
622,622,622,37.32,-6.064916833333335,5.978322333333334,-0.0103818833333333,-0.0105145833333332
623,623,623,37.38,-5.103899166666667,6.096316666666666,-0.0105999333333333,-0.0088338666666665
624,624,624,37.44,-4.652248333333334,6.323066500000001,-0.01099585,-0.0080478166666665
625,625,625,37.5,-4.917922666666667,6.5910125,-0.0114236833333334,-0.0085440166666665
626,626,626,37.56,-5.471169166666667,6.889569333333332,-0.0119481666666667,-0.0094976833333331
627,627,627,37.62,-5.592568666666668,6.967279166666666,-0.01216245,-0.0096363499999998
628,628,628,37.68,-5.445121333333335,7.062484166666666,-0.0123477333333333,-0.0093620666666665
629,629,629,37.74,-4.895578333333334,7.109915666666667,-0.0123323166666667,-0.0084973666666665
630,630,630,37.8,-4.859571833333334,7.109527166666665,-0.0123731833333333,-0.0083964833333331
631,631,631,37.86,-5.264042333333336,7.149168500000001,-0.0124766166666667,-0.0090671499999998
632,632,632,37.92,-6.447288333333333,7.326228166666667,-0.0127369666666667,-0.0111634166666665
633,633,633,37.98,-7.938043666666666,7.707368666666668,-0.0133677,-0.0137773333333331
634,634,634,38.04,-9.168544833333334,8.078905333333335,-0.0140592833333334,-0.0158754166666665
635,635,635,38.1,-9.5378165,8.149872166666668,-0.0141821166666666,-0.0165170333333331
636,636,636,38.16,-9.46025316666667,7.887900666666668,-0.0137092666666666,-0.0163961666666665
637,637,637,38.22,-9.593106333333333,7.426222666666666,-0.0129267333333333,-0.0166119833333331
638,638,638,38.28,-9.672202333333333,6.889673833333334,-0.0120623833333333,-0.0166968999999998
639,639,639,38.34,-9.909108999999997,6.331582833333335,-0.0110051,-0.0171772333333332
640,640,640,38.4,-10.496124166666668,6.1351765,-0.0106715166666667,-0.0181904833333332
641,641,641,38.46,-10.883497166666663,6.283724500000001,-0.0109062333333334,-0.0188804666666665
642,642,642,38.52,-11.047402999999997,6.3925354999999975,-0.0111338333333333,-0.0191358499999998
643,643,643,38.58,-10.993563,6.4050503333333335,-0.0111403166666666,-0.0190537333333332
644,644,644,38.64,-11.146216666666668,6.384180833333333,-0.0110961,-0.0193247833333332
645,645,645,38.7,-11.524997000000004,6.080013333333333,-0.0105619666666667,-0.0199867833333332
646,646,646,38.76,-11.686587666666664,5.777497833333335,-0.0100575833333333,-0.0202518166666665
647,647,647,38.82,-11.721516833333332,5.736833999999999,-0.0099514166666666,-0.0203389666666665
648,648,648,38.88,-11.733829833333333,5.6420914999999985,-0.0099266499999999,-0.0202561333333332
649,649,649,38.94,-11.585337333333335,5.751876666666667,-0.0100307,-0.0200628333333332
650,650,650,39.0,-11.622510666666665,6.169452500000001,-0.0107940666666666,-0.0200992833333331
651,651,651,39.06,-11.601741666666666,6.806375666666666,-0.0118504,-0.0200996499999998
652,652,652,39.12,-11.841278166666667,7.138132833333334,-0.0123467666666667,-0.0205722333333332
653,653,653,39.18,-12.2863825,7.140232166666666,-0.0123577333333333,-0.0213389999999998
654,654,654,39.24,-12.734234833333334,7.017182333333333,-0.0122177,-0.0220651499999998
655,655,655,39.3,-13.163774833333335,7.030368499999998,-0.01218595,-0.0228476166666665
656,656,656,39.36,-13.644899500000001,7.097221666666665,-0.01235445,-0.0236480999999998
657,657,657,39.42,-13.934963500000004,7.299595166666666,-0.0126547333333334,-0.0241843833333331
658,658,658,39.48,-14.332281000000002,7.672193000000001,-0.0133903666666666,-0.0248182833333332
659,659,659,39.54,-14.879235333333334,8.161372000000002,-0.0141944833333334,-0.0257956666666665
660,660,660,39.6,-15.136163833333336,8.377450666666666,-0.0145912333333334,-0.0262292666666665
661,661,661,39.66,-14.805632666666668,8.276720000000001,-0.014418,-0.0256543166666665
662,662,662,39.72,-14.309319166666668,8.069238833333335,-0.01404195,-0.0248017166666665
663,663,663,39.78,-13.600875666666667,7.9511305000000005,-0.01382865,-0.0235770999999998
664,664,664,39.84,-13.00333,8.204272833333336,-0.0143501833333333,-0.0224860166666665
665,665,665,39.9,-12.833576833333332,8.797929,-0.0153343666666667,-0.0222216666666665
666,666,666,39.96,-12.943305166666667,9.094968166666668,-0.0158008666666667,-0.0224438999999998
667,667,667,40.02,-13.852933333333334,8.998828833333334,-0.01558805,-0.0240510499999998
668,668,668,40.08,-15.393071000000004,8.592695833333337,-0.0150053333333334,-0.0266523666666665
669,669,669,40.14,-16.438156499999998,8.183052666666669,-0.0142201833333334,-0.0285087999999998
670,670,670,40.2,-16.660187666666666,8.042727500000002,-0.0140474833333333,-0.0288554166666665
671,671,671,40.26,-15.884505666666668,8.1630465,-0.0142599999999999,-0.0275057666666665
672,672,672,40.32,-14.569248,8.190941500000001,-0.0142819,-0.0252358166666665
673,673,673,40.38,-13.409966333333335,8.171683000000002,-0.0141864166666667,-0.0232614999999998
674,674,674,40.44,-13.099320666666667,8.375155833333334,-0.0145461,-0.0227181999999998
675,675,675,40.5,-13.4520165,8.630474666666665,-0.0149461166666667,-0.0233575499999998
676,676,676,40.56,-14.29849283333333,8.899695,-0.0154749833333334,-0.0247887499999998
677,677,677,40.62,-15.252723333333332,9.21418283333333,-0.0160321833333333,-0.0264386666666665
678,678,678,40.68,-16.357730333333333,9.488810333333335,-0.01654935,-0.0283357333333331
679,679,679,40.74,-17.59708,9.455081000000003,-0.0165268833333334,-0.0304716166666665
680,680,680,40.8,-18.35883816666667,8.893173166666669,-0.0155105833333334,-0.0318146333333332
681,681,681,40.86,-18.815425166666667,8.114677333333336,-0.0140724666666667,-0.0326488666666665
682,682,682,40.92,-19.496568833333335,7.466407833333334,-0.0130225833333333,-0.0337955999999998
683,683,683,40.98,-19.915292166666664,7.271331833333333,-0.0125999666666667,-0.0345611333333332
684,684,684,41.04,-20.469748499999994,7.037433,-0.01226035,-0.0354937666666665
685,685,685,41.1,-21.22034783333333,6.946883,-0.0121131,-0.0367929166666665
686,686,686,41.16,-22.126032333333335,6.9095625,-0.0120332499999999,-0.0383717999999998
687,687,687,41.22,-22.837968999999994,6.742812666666666,-0.0117731,-0.0395974666666665
688,688,688,41.28,-23.368334,6.4227479999999995,-0.0112784166666667,-0.0404964333333332
689,689,689,41.34,-23.888310166666667,6.086984,-0.0105309333333333,-0.0414576666666665
690,690,690,41.4,-24.811562499999997,5.808204166666665,-0.0101294166666667,-0.0430327333333332
691,691,691,41.46,-25.49995133333334,5.7854608333333335,-0.0101282166666667,-0.0442166333333332
692,692,692,41.52,-25.711977666666673,5.700460333333333,-0.0099267,-0.0446007999999999
693,693,693,41.58,-25.510355166666667,5.261236666666667,-0.0091936833333334,-0.0442419833333332
694,694,694,41.64,-25.085000650000005,4.287160999999999,-0.0073897833333333,-0.0435394666666665
695,695,695,41.7,-24.758639666666664,3.468267,-0.0061021333333333,-0.0429277666666665
696,696,696,41.76,-24.424986,3.3036996666666663,-0.0057765833333333,-0.0423622666666665
697,697,697,41.82,-24.188049,3.8556498333333327,-0.0068736333333333,-0.0419004666666665
698,698,698,41.88,-23.490071000000007,5.289136500000001,-0.0092038666666666,-0.0407466333333332
699,699,699,41.94,-22.63109283333333,5.930353833333334,-0.0101848499999999,-0.0393067333333332
700,700,700,42.0,-22.397296500000003,5.780824666666668,-0.0100357833333333,-0.0388579166666665
701,701,701,42.06,-22.421639499999994,5.178642499999999,-0.0090690499999999,-0.0388684833333332
702,702,702,42.12,-22.358683666666664,4.708696999999998,-0.0082020833333334,-0.0387798999999998
703,703,703,42.18,-22.47033316666667,4.292042333333334,-0.0074752,-0.0389750833333332
704,704,704,42.24,-22.675875166666664,4.291788833333332,-0.0074553333333334,-0.0393400499999998
705,705,705,42.3,-22.41529750000001,4.230130333333333,-0.0073557166666667,-0.0388848333333332
706,706,706,42.36,-21.815727166666665,4.056852000000001,-0.0070524333333334,-0.0378447166666665
707,707,707,42.42,-20.89829333333333,3.7115609999999997,-0.0066003,-0.0361825999999998
708,708,708,42.48,-19.39731316666667,3.4932456666666662,-0.0061153166666667,-0.0336264333333332
709,709,709,42.54,-17.588596333333335,3.4602428333333335,-0.0060079333333333,-0.0305144333333332
710,710,710,42.6,-15.52426,3.77125,-0.00652275,-0.0269488666666665
711,711,711,42.66,-13.0357915,4.025944166666667,-0.0069372,-0.0226539666666665
712,712,712,42.72,-11.333256833333333,4.092173333333332,-0.00715065,-0.0196226333333332
713,713,713,42.78,-10.488804499999999,4.046676833333334,-0.0071067166666666,-0.0181273833333332
714,714,714,42.84,-10.12071133333333,3.9932548333333333,-0.0069807833333334,-0.0175158333333331
715,715,715,42.9,-10.026306833333335,4.230961999999999,-0.00734255,-0.0173945666666665
716,716,716,42.96,-9.644473666666668,4.482294500000001,-0.0078255666666667,-0.0166919833333331
717,717,717,43.02,-8.767671666666669,4.8042853333333335,-0.0084268166666667,-0.0151332499999998
718,718,718,43.08,-7.679159666666668,4.901743833333334,-0.0084997666666667,-0.0133283499999998
719,719,719,43.14,-7.216599166666668,4.4208006666666675,-0.0077419333333333,-0.0124542166666665
720,720,720,43.2,-6.678303166666667,3.9323758333333325,-0.00686025,-0.0115512166666665
721,721,721,43.26,-6.1433315,3.4856831666666666,-0.0060573333333334,-0.0106493166666665
722,722,722,43.32,-6.328513500000001,3.0250531666666665,-0.0052484833333333,-0.0109801999999998
723,723,723,43.38,-6.649415333333333,2.5863963333333326,-0.0044588833333333,-0.0115658666666664
724,724,724,43.44,-7.331348666666666,2.0755871666666668,-0.00363135,-0.0126899499999997
725,725,725,43.5,-8.079005999999998,1.7332551666666665,-0.0030425166666667,-0.0139824333333331
726,726,726,43.56,-8.691374666666666,1.7182861666666658,-0.00308745,-0.0149770333333331
727,727,727,43.62,-9.082709833333334,1.8613624999999994,-0.00327095,-0.0157194333333331
728,728,728,43.68,-9.2710495,1.9467734999999995,-0.0033904499999999,-0.0160739499999998
729,729,729,43.74,-9.917185166666668,2.0237091666666664,-0.00354215,-0.0171784333333332
730,730,730,43.8,-10.708163500000001,2.2456053333333346,-0.0039738,-0.0185111999999998
731,731,731,43.86,-11.571373333333334,2.6332833333333325,-0.00456395,-0.0200803999999998
732,732,732,43.92,-12.562166333333336,3.0830989999999994,-0.0053792833333333,-0.0217726166666665
733,733,733,43.98,-13.150702166666667,3.178465,-0.0055711833333333,-0.0227739499999998
734,734,734,44.04,-13.231013833333334,3.1958803333333337,-0.0055318833333333,-0.0229665333333332
735,735,735,44.1,-13.11866266666667,3.0890494999999993,-0.0053969,-0.0227329833333332
736,736,736,44.16,-13.061323833333336,2.9969855,-0.0052809833333333,-0.0225995666666665
737,737,737,44.22,-12.874658833333335,3.046995833333333,-0.00526875,-0.0223519499999998
738,738,738,44.28,-12.694899666666668,3.0692394999999997,-0.0053472333333334,-0.0220088666666665
739,739,739,44.34,-12.393403500000002,3.0596304999999995,-0.0053698,-0.0214545999999998
740,740,740,44.4,-12.261159000000003,2.9978506666666664,-0.0052179,-0.0212604666666665
741,741,741,44.46,-12.24064216666667,2.8379716666666663,-0.0049463,-0.0212201499999998
742,742,742,44.52,-12.207604666666663,2.6184296666666667,-0.00459475,-0.0211388499999998
743,743,743,44.58,-12.055669333333334,2.3252265000000008,-0.0040617166666667,-0.0208945999999998
744,744,744,44.64,-12.123675833333332,1.9395515000000003,-0.0033365,-0.0210590499999998
745,745,745,44.7,-12.355081499999999,1.4003886666666663,-0.0024864666666667,-0.0213885999999998
746,746,746,44.76,-12.463910333333333,1.0733004999999995,-0.0019495166666666,-0.0215511333333332
747,747,747,44.82,-12.410352,1.0718451666666664,-0.00188445,-0.0215114333333332
748,748,748,44.88,-12.111637833333335,1.198208166666666,-0.00207255,-0.0210196499999998
749,749,749,44.94,-11.698431166666664,1.0656263333333338,-0.0018968499999999,-0.0202550833333332
750,750,750,45.0,-11.123913833333335,0.9215351666666665,-0.0016286166666667,-0.0192733666666665
751,751,751,45.06,-10.404667,0.7822208333333334,-0.0013954833333333,-0.0180167833333332
752,752,752,45.12,-9.457581000000001,0.6520456666666663,-0.0011414333333333,-0.0163992499999998
753,753,753,45.18,-9.078964333333333,0.5945188333333336,-0.0010705,-0.0157134166666665
754,754,754,45.24,-8.988645333333332,0.7096078333333338,-0.00121935,-0.0156073166666665
755,755,755,45.3,-9.085770833333335,0.7807543333333336,-0.00142625,-0.0156933333333331
756,756,756,45.36,-8.881415666666665,1.0536591666666664,-0.0018341999999999,-0.0154036499999998
757,757,757,45.42,-8.448815499999998,1.5002873333333333,-0.00261545,-0.0146467666666665
758,758,758,45.48,-7.5624123333333335,1.7987933333333328,-0.0031577166666667,-0.0130836166666664
759,759,759,45.54,-5.439906166666667,1.9013758333333333,-0.0033277,-0.009407383333333
760,760,760,45.6,-4.058882333333334,1.7663428333333333,-0.00312535,-0.0069730999999998
761,761,761,45.66,-4.035991833333333,2.041095999999999,-0.0035497666666667,-0.0069932999999998
762,762,762,45.72,-4.3356405,2.196499333333333,-0.0038159833333333,-0.007516833333333
763,763,763,45.78,-4.182477666666666,2.0946694999999997,-0.0035889333333333,-0.0073075666666664
764,764,764,45.84,-4.2521466666666665,1.8930944999999997,-0.0033096,-0.0073493666666665
765,765,765,45.9,-4.197510166666667,1.651618833333333,-0.00295305,-0.0071832666666664
766,766,766,45.96,-4.110330333333334,1.3499653333333332,-0.00236355,-0.0071069499999997
767,767,767,46.02,-4.210661666666668,1.1609106666666664,-0.0020165833333333,-0.0073029499999997
768,768,768,46.08,-4.380206500000001,1.1723174999999995,-0.0020431166666667,-0.0075894499999998
769,769,769,46.14,-4.8953438333333334,1.3554298333333339,-0.0023704333333333,-0.0084719666666665
770,770,770,46.2,-5.759278333333334,1.6051850000000005,-0.0028089166666667,-0.0099674166666665
771,771,771,46.26,-6.099201999999999,1.560943,-0.0027453666666667,-0.0105427166666665
772,772,772,46.32,-6.053532833333334,1.3005531666666663,-0.0023175,-0.0104369166666664
773,773,773,46.38,-6.179252500000001,0.9958171666666669,-0.0017048666666667,-0.010746083333333
774,774,774,46.44,-6.641505166666668,0.7507113333333331,-0.0013329499999999,-0.0114904999999998
775,775,775,46.5,-7.155579333333333,0.5846204999999998,-0.0010801333333333,-0.0123445666666665
776,776,776,46.56,-7.820154500000001,0.11267066666666631,-0.0002089666666667,-0.0135537999999998
777,777,777,46.62,-8.884875666666668,-0.33247666666666653,0.0005789833333333,-0.0154179333333332
778,778,778,46.68,-9.809749499999999,-0.5065093333333333,0.0008544666666665,-0.0169957666666665
779,779,779,46.74,-10.774906999999999,-0.3869830000000004,0.0006413,-0.0186655666666665
780,780,780,46.8,-11.447851666666663,-0.3181343333333334,0.0005404333333333,-0.0198516833333332
781,781,781,46.86,-11.901727500000002,-0.3202313333333332,0.0005180833333333,-0.0206154499999998
782,782,782,46.92,-12.190255333333331,-0.5482178333333335,0.0009138166666665,-0.0211164333333332
783,783,783,46.98,-12.818692166666668,-0.7428281666666665,0.0013021666666665,-0.0222526999999998
784,784,784,47.04,-13.849671833333334,-0.9488129999999997,0.0016142999999998,-0.0240027499999998
785,785,785,47.1,-14.934329499999999,-1.0706528333333336,0.0017787333333331,-0.0258466166666665
786,786,786,47.16,-15.598628666666668,-1.0867794999999996,0.0018690666666665,-0.0270510499999998
787,787,787,47.22,-15.846071500000004,-1.1301433333333335,0.0019461999999998,-0.0274820499999998
788,788,788,47.28,-15.780897999999999,-1.1160716666666672,0.0018970499999998,-0.0273494166666665
789,789,789,47.34,-15.525930833333334,-1.1162581666666669,0.0019088166666665,-0.0269158166666665
790,790,790,47.4,-15.5109745,-1.1164021666666668,0.0019213166666665,-0.0268997499999998
791,791,791,47.46,-15.68744966666667,-1.0205846666666665,0.0017140999999998,-0.0271735499999998
792,792,792,47.52,-15.622388166666665,-0.9849915000000002,0.0016771999999997,-0.0270802999999998
793,793,793,47.58,-15.690400666666667,-0.9954168333333335,0.0017153499999998,-0.0272143333333331
794,794,794,47.64,-15.718416333333334,-1.0302903333333338,0.0017735333333331,-0.0272609999999998
795,795,795,47.7,-15.972394333333336,-1.1447943333333337,0.0019126499999998,-0.0276551499999998
796,796,796,47.76,-16.214449166666668,-1.2278958333333336,0.0020961499999998,-0.0281062333333331
797,797,797,47.82,-16.456199666666663,-1.1924186666666663,0.0020598833333331,-0.0285453999999998
798,798,798,47.88,-16.7352345,-1.0944851666666664,0.0018413666666665,-0.0289932999999998
799,799,799,47.94,-16.721982000000004,-0.9345148333333332,0.0015764666666665,-0.0289798999999998
800,800,800,48.0,-16.69730016666667,-0.6569790000000003,0.0011477999999998,-0.0289763499999998
801,801,801,48.06,-16.914336666666667,-0.5529060000000001,0.0009162499999999,-0.0293158833333332
802,802,802,48.12,-16.890035499999996,-0.4635751666666671,0.0007898166666665,-0.0292945499999998
803,803,803,48.18,-16.861327333333332,-0.4392973333333334,0.0007573833333332,-0.0292516999999999
804,804,804,48.24,-16.893024166666667,-0.4230880000000001,0.0007192166666666,-0.0292995333333332
805,805,805,48.3,-16.8701555,-0.3432913333333336,0.0005033833333333,-0.0292039666666665
806,806,806,48.36,-16.76304216666667,-0.1617441666666667,0.0002611833333333,-0.0290704999999999
807,807,807,48.42,-16.875388666666666,-0.06078716666666678,0.0001000333333333,-0.0292756666666665
808,808,808,48.48,-16.942160333333334,-0.07665716666666611,6.93e-05,-0.0293501166666665
809,809,809,48.54,-16.992094833333333,-0.07900216666666648,8.656666666669998e-05,-0.0294462666666665
810,810,810,48.6,-16.9575025,-0.03837049999999986,4.458333333330004e-05,-0.0294063833333332
811,811,811,48.66,-16.998972833333333,-0.007090166666666509,-2.718333333330005e-05,-0.0294659666666665
812,812,812,48.72,-16.904362333333335,-0.0825421666666667,9.993333333329996e-05,-0.0292989333333332
813,813,813,48.78,-16.801527166666666,-0.10797850000000059,0.0001677166666666,-0.0291373666666665
814,814,814,48.84,-16.699802333333334,-0.0886031666666669,0.0001399666666666,-0.0289649666666665
815,815,815,48.9,-16.582237166666665,-0.12196216666666682,0.0001418333333333,-0.0287201833333332
816,816,816,48.96,-16.513602833333334,-0.1758576666666668,0.0002734166666667,-0.0286287666666665
817,817,817,49.02,-16.478577833333333,-0.2899090000000003,0.0004928833333332,-0.0285834666666665
818,818,818,49.08,-16.402503166666666,-0.5027585000000002,0.0008036833333332,-0.0284079833333331
819,819,819,49.14,-16.2508555,-0.6244214999999997,0.0010604166666665,-0.0281786833333331
820,820,820,49.2,-16.143456333333333,-0.6705786666666663,0.0011496999999998,-0.0279990999999998
821,821,821,49.26,-16.011433166666666,-0.6912806666666667,0.0011535499999998,-0.0277453833333332
822,822,822,49.32,-15.623998666666665,-0.7673021666666668,0.0013017999999998,-0.0270852833333331
823,823,823,49.38,-15.211819,-0.8274345000000002,0.0014198666666664,-0.0263806666666665
824,824,824,49.44,-14.97766816666667,-0.8867366666666665,0.0015348999999998,-0.0259837333333332
825,825,825,49.5,-14.684872666666667,-0.9430026666666667,0.0015980499999998,-0.0254473166666665
826,826,826,49.56,-14.5066335,-0.9448135000000002,0.0015516499999998,-0.0250964833333332
827,827,827,49.62,-14.461222833333334,-0.8823438333333335,0.0015138166666665,-0.0250765666666665
828,828,828,49.68,-14.174532166666665,-0.890646,0.0015181833333331,-0.0245703333333332
829,829,829,49.74,-13.580135,-1.0282265000000002,0.0017481666666665,-0.0235308333333332
830,830,830,49.8,-12.87332516666667,-1.2167356666666675,0.0021175999999998,-0.0223416166666665
831,831,831,49.86,-12.339427666666666,-1.3921623333333337,0.0023660666666665,-0.0213628999999998
832,832,832,49.92,-11.606243833333334,-1.4495911666666663,0.0024718999999998,-0.0200949666666665
833,833,833,49.98,-10.741584833333336,-1.4530521666666671,0.0025247666666665,-0.0186409999999998
834,834,834,50.04,-9.870481166666668,-1.485889666666667,0.0025537833333331,-0.0170996999999998
835,835,835,50.1,-9.3230225,-1.4364601666666665,0.0024219833333331,-0.0161004833333331
836,836,836,50.16,-9.443512333333333,-1.2616,0.0021901166666665,-0.0163860499999998
837,837,837,50.22,-9.850755166666666,-1.1445821666666662,0.0019665499999997,-0.0170713499999998
838,838,838,50.28,-9.855435833333333,-1.1296218333333337,0.0019219499999998,-0.0170602666666665
839,839,839,50.34,-9.531604333333334,-1.1884736666666669,0.0020440999999997,-0.0165187833333331
840,840,840,50.4,-9.066773500000002,-1.2636743333333336,0.0021654166666665,-0.0157020666666665
841,841,841,50.46,-8.748114500000002,-1.2416811666666667,0.0021186166666665,-0.0151394333333331
842,842,842,50.52,-8.586966166666665,-1.2127700000000001,0.0021080999999998,-0.0149028833333332
843,843,843,50.58,-8.792913333333333,-1.132983666666667,0.0019937333333331,-0.0152861166666665
844,844,844,50.64,-9.237683500000001,-1.1607248333333335,0.0019500666666665,-0.0159602666666665
845,845,845,50.7,-9.705309333333332,-1.1415281666666672,0.0019205666666665,-0.0167761999999998
846,846,846,50.76,-10.238645333333336,-1.1070743333333333,0.0019177333333331,-0.0177611833333332
847,847,847,50.82,-10.69955183333333,-1.1010278333333339,0.0018758166666665,-0.0185295999999998
848,848,848,50.88,-11.120339166666668,-1.150277,0.0019524833333331,-0.0192517666666665
849,849,849,50.94,-11.680180666666667,-1.2235148333333332,0.0020905666666665,-0.0202345499999998
850,850,850,51.0,-12.21653416666667,-1.2952353333333337,0.0022341833333331,-0.0211837666666665
851,851,851,51.06,-12.668709166666666,-1.2746995000000003,0.0022677999999998,-0.0220324666666665
852,852,852,51.12,-13.046493500000004,-1.4756461666666667,0.0025528333333331,-0.0226291999999998
853,853,853,51.18,-12.799248833333332,-1.6305465000000001,0.0028017833333331,-0.0221818666666665
854,854,854,51.24,-12.421444833333334,-1.7444011666666668,0.0029556166666665,-0.0214837999999998
855,855,855,51.3,-12.1422175,-1.779131166666667,0.0030627999999998,-0.0210440833333332
856,856,856,51.36,-11.778361666666667,-1.9884004999999996,0.0034438499999998,-0.0204293666666665
857,857,857,51.42,-11.325794666666667,-2.2924516666666666,0.0039068666666665,-0.0195782999999998
858,858,858,51.48,-10.687760333333335,-2.539390333333334,0.0043409333333331,-0.0184745833333332
859,859,859,51.54,-9.72117,-2.649341,0.0045849999999998,-0.0168538499999998
860,860,860,51.6,-8.932473,-2.6789190000000005,0.0046329499999998,-0.0154808499999998
861,861,861,51.66,-8.5899505,-2.5795325,0.0044326666666665,-0.0148541999999998
862,862,862,51.72,-8.526540166666667,-2.3681458333333336,0.0040960999999998,-0.0147791666666665
863,863,863,51.78,-8.993052166666667,-2.1240810000000003,0.0036785999999998,-0.0155957833333331
864,864,864,51.84,-9.787849333333336,-1.8755035000000002,0.0031367333333331,-0.0168569499999998
865,865,865,51.9,-10.209617000000001,-1.447922,0.0024591833333331,-0.0176588499999998
866,866,866,51.96,-10.507581166666668,-0.8948593333333337,0.0015719333333331,-0.0182503166666665
867,867,867,52.02,-10.646621333333336,-0.3452151666666669,0.0006072833333333,-0.0184802833333331
868,868,868,52.08,-10.393678833333334,0.12796616666666644,-0.0001681333333333,-0.0180854166666665
869,869,869,52.14,-9.942557499999998,0.5553408333333332,-0.0009538166666667,-0.0172601499999998
870,870,870,52.2,-9.64072066666667,0.998688,-0.0017830833333333,-0.0166787999999998
871,871,871,52.26,-9.491849333333333,1.3408783333333327,-0.0023737666666667,-0.0164236333333331
872,872,872,52.32,-9.417790833333335,1.5460804999999995,-0.0026808,-0.0163418833333332
873,873,873,52.38,-9.248730666666667,1.7464204999999997,-0.0030432166666667,-0.0160345999999998
874,874,874,52.44,-8.960954666666668,2.2459378333333344,-0.0039830166666667,-0.0154662833333331
875,875,875,52.5,-8.477794833333332,3.432076666666667,-0.0059467833333333,-0.0147166499999998
876,876,876,52.56,-7.974761833333334,4.607435666666667,-0.0079917,-0.0138386999999998
877,877,877,52.62,-7.718540166666666,5.345704333333333,-0.00926915,-0.0133970833333332
878,878,878,52.68,-7.588525666666668,5.647391333333335,-0.0097829166666667,-0.0131800499999998
879,879,879,52.74,-7.606996833333333,5.660283833333333,-0.00991015,-0.0131197166666664
880,880,880,52.8,-7.334086833333335,5.494153500000001,-0.0096542666666667,-0.0126161666666665
881,881,881,52.86,-6.983423833333333,5.282418333333332,-0.0092392166666666,-0.0120493333333331
882,882,882,52.92,-6.4894485,4.946132499999998,-0.0085636333333334,-0.0112761166666664
883,883,883,52.98,-6.2483183333333345,4.442990000000001,-0.0078087333333334,-0.0107447833333331
884,884,884,53.04,-5.8026438333333346,3.9401736666666656,-0.0067705666666667,-0.0101338166666665
885,885,885,53.1,-5.331698333333334,3.2114756666666664,-0.0055785666666667,-0.0092432999999998
886,886,886,53.16,-4.246161666666667,2.4425416666666666,-0.0042770333333333,-0.0073247666666665
887,887,887,53.22,-3.2750306666666678,1.9101593333333344,-0.0033164833333332,-0.0056792833333331
888,888,888,53.28,-2.7915843333333337,1.5096908333333328,-0.00268475,-0.0047653666666665
889,889,889,53.34,-2.458079,1.1547351666666663,-0.0019951,-0.0042751166666665
890,890,890,53.4,-2.6584925000000004,0.7374960000000002,-0.0013539833333333,-0.0045204166666665
891,891,891,53.46,-2.7770726666666676,0.14723466666666624,-0.0002629166666666,-0.0048088333333331
892,892,892,53.52,-2.9591346666666674,-0.8458248333333331,0.0013943666666665,-0.0050384166666665
893,893,893,53.58,-2.7769461666666677,-1.4552486666666669,0.0025312999999998,-0.0048266166666665
894,894,894,53.64,-2.660973666666666,-1.6717741666666668,0.0028963333333331,-0.0046109499999998
895,895,895,53.7,-2.2125445,-1.7205561666666667,0.0029897833333331,-0.0038448833333331
896,896,896,53.76,-1.5397615000000004,-1.4962571666666669,0.0026294666666665,-0.0027182999999998
897,897,897,53.82,-1.1921776666666668,-1.2973160000000008,0.0022174499999998,-0.0020211999999998
898,898,898,53.88,-1.1208571666666667,-1.2293795000000003,0.002067683333333,-0.0018527999999998
899,899,899,53.94,-1.653820333333334,-1.0478846666666668,0.0017806499999998,-0.0028178999999998
900,900,900,54.0,-1.6174255,-0.7758431666666664,0.0013974999999998,-0.0028759833333331
901,901,901,54.06,-1.5278913333333335,-0.6770031666666669,0.0010495833333331,-0.0024812666666665
902,902,902,54.12,-1.3919350000000001,-0.4357705,0.0007007666666666,-0.0023399666666665
903,903,903,54.18,-1.4444611666666662,-0.17308649999999998,0.0003557166666667,-0.0025798999999998
904,904,904,54.24,-1.8605193333333339,-0.2776175000000001,0.0004905666666666,-0.0032397499999998
905,905,905,54.3,-2.1375630000000005,-0.4066475,0.0006766833333333,-0.0036706999999998
906,906,906,54.36,-2.370949000000001,-0.5143770000000001,0.0008520499999999,-0.0040606499999998
907,907,907,54.42,-2.7230971666666663,-0.6336306666666666,0.0010435666666665,-0.0046517833333332
908,908,908,54.48,-2.8969198333333335,-0.8485501666666668,0.0014655833333331,-0.0050175166666665
909,909,909,54.54,-3.3943276666666677,-1.1118583333333332,0.0019493333333331,-0.0059154333333331
910,910,910,54.6,-3.9770403333333326,-1.5281485000000001,0.0026292666666664,-0.0068713499999998
911,911,911,54.66,-4.803352666666668,-2.0178338333333334,0.0034334833333331,-0.0082464499999998
912,912,912,54.72,-5.639621666666668,-2.3646991666666666,0.0040965166666664,-0.0097767999999998
913,913,913,54.78,-6.138207666666669,-2.6595321666666663,0.0045917333333331,-0.0106208999999998
914,914,914,54.84,-6.305350000000002,-2.920768833333334,0.0050136499999998,-0.0108708333333331
915,915,915,54.9,-6.576018833333333,-3.1907151666666667,0.0055090833333331,-0.0113751166666664
916,916,916,54.96,-6.765194833333332,-3.4033915,0.0059052833333331,-0.0117380499999998
917,917,917,55.02,-6.823175166666666,-3.4796514999999997,0.0060132166666665,-0.0118073333333331
918,918,918,55.08,-6.841135666666666,-3.3086373333333334,0.0057195166666665,-0.0118426166666665
919,919,919,55.14,-7.007096166666665,-3.0283183333333334,0.0052660999999998,-0.0121723166666665
920,920,920,55.2,-7.334825333333333,-2.751723333333333,0.0046873666666665,-0.0126199499999998
921,921,921,55.26,-7.2453199999999995,-2.4855996666666664,0.0042954333333331,-0.0125499333333331
922,922,922,55.32,-7.112580666666668,-2.178443833333333,0.0037926333333331,-0.0123562333333331
923,923,923,55.38,-7.072984666666668,-1.9033825,0.0032681999999998,-0.0122310833333331
924,924,924,55.44,-6.961144,-1.5408783333333336,0.0026349833333331,-0.0120325666666665
925,925,925,55.5,-6.9516066666666685,-1.1947413333333339,0.0020755833333331,-0.0120643166666665
926,926,926,55.56,-7.3270075000000014,-0.8912251666666672,0.0015260166666665,-0.0126898333333331
927,927,927,55.62,-7.581998500000001,-0.7000025000000001,0.0011588666666665,-0.0130931499999998
928,928,928,55.68,-7.379833500000001,-0.459563666666667,0.0007985666666665,-0.0128056333333332
929,929,929,55.74,-7.204345333333335,-0.3671740000000004,0.00065115,-0.0125153999999998
930,930,930,55.8,-7.387140666666667,-0.3227986666666673,0.0004756,-0.0127240666666664
931,931,931,55.86,-7.4408115000000015,-0.1391403333333336,0.0002160833333333,-0.0128822333333332
932,932,932,55.92,-7.477297500000001,-0.039154999999999884,7.899999999999997e-05,-0.0129854666666664
933,933,933,55.98,-7.3032538333333346,-0.1215741666666667,0.0001969666666666,-0.012656133333333
934,934,934,56.04,-7.046015166666667,-0.19930683333333327,0.0003223166666667,-0.0121990833333331
935,935,935,56.1,-6.9026138333333344,-0.2821150000000002,0.0005106166666667,-0.0119997999999998
936,936,936,56.16,-7.102395500000002,-0.350391166666667,0.0005941,-0.0123075999999998
937,937,937,56.22,-7.286774500000001,-0.4378031666666668,0.0007026666666666,-0.0125797499999998
938,938,938,56.28,-7.289101333333333,-0.48951549999999977,0.0008316333333332,-0.0126271499999997
939,939,939,56.34,-7.138950833333335,-0.5734926666666668,0.0009605666666664,-0.0123476333333331
940,940,940,56.4,-7.0075695,-0.6558030000000001,0.0011018499999998,-0.0121176833333332
941,941,941,56.46,-6.921231166666666,-0.7779476666666667,0.0013028166666665,-0.0119551499999998
942,942,942,56.52,-6.887818,-0.9048421666666666,0.0015895166666665,-0.0119729166666665
943,943,943,56.58,-6.788978333333334,-1.2204128333333337,0.0020848999999998,-0.0117410499999998
944,944,944,56.64,-6.67521,-1.075214666666667,0.0019495166666665,-0.0116789666666665
945,945,945,56.7,-6.680869666666668,-0.7984421666666667,0.0013390999999998,-0.0115381666666665
946,946,946,56.76,-6.6071271666666656,-0.8781661666666669,0.0014555833333331,-0.0113847333333332
947,947,947,56.82,-6.648455333333334,-1.0544285000000002,0.0018267166666665,-0.0115319833333331
948,948,948,56.88,-6.719969166666666,-1.7738143333333336,0.0030099333333331,-0.0115780499999998
949,949,949,56.94,-6.655648833333334,-2.5463256666666667,0.0043758333333331,-0.0114955833333331
950,950,950,57.0,-6.820003166666666,-3.0744245,0.0053186499999998,-0.0118128166666665
951,951,951,57.06,-7.293668666666668,-3.4104605000000006,0.0057815999999998,-0.0124834499999998
952,952,952,57.12,-7.6326265000000015,-3.1375499999999996,0.0053853333333331,-0.0131709333333331
953,953,953,57.18,-7.882250833333334,-2.732603666666666,0.0047040833333331,-0.0136314499999998
954,954,954,57.24,-8.020245833333332,-2.0459591666666666,0.0035661499999998,-0.0139340499999998
955,955,955,57.3,-8.216236499999997,-1.2666923333333335,0.0022030333333331,-0.0142612166666665
956,956,956,57.36,-8.234243333333334,-0.546197,0.0009608333333332,-0.0143008499999998
957,957,957,57.42,-8.009173499999998,-0.05229299999999998,7.83e-05,-0.0138828999999999
958,958,958,57.48,-7.8133981666666665,0.3267656666666667,-0.0005559333333333,-0.0135680833333332
959,959,959,57.54,-7.556857166666668,0.4647445000000004,-0.0007722499999999,-0.0131476999999998
960,960,960,57.6,-7.457343000000002,0.3560801666666668,-0.0006944333333332,-0.0128567999999998
961,961,961,57.66,-7.243424000000002,0.5018476666666669,-0.0009170333333333,-0.0125179166666665
962,962,962,57.72,-7.217938833333335,0.9833844999999997,-0.0016977833333333,-0.0125323166666665
963,963,963,57.78,-7.376468000000002,1.5304048333333333,-0.00265775,-0.012796033333333
964,964,964,57.84,-7.500252333333334,1.7859316666666665,-0.0031424499999999,-0.0129688999999997
965,965,965,57.9,-7.565452166666666,1.9126608333333333,-0.0033125333333332,-0.0131323166666665
966,966,966,57.96,-7.822766666666669,1.999047,-0.0034983999999999,-0.0135431999999998
967,967,967,58.02,-8.050899166666667,2.0229451666666667,-0.0035417166666666,-0.0139373833333331
968,968,968,58.08,-8.140724333333333,1.8688905000000005,-0.0032495833333332,-0.0141175333333332
969,969,969,58.14,-8.131488833333334,1.6033560000000002,-0.0027752333333333,-0.0141148833333331
970,970,970,58.2,-8.179902666666665,1.201199,-0.00219835,-0.0140774166666665
971,971,971,58.26,-7.961970000000001,0.9250126666666667,-0.0015906833333333,-0.0138291333333331
972,972,972,58.32,-7.813430333333335,0.549069333333333,-0.0009276499999999,-0.0135824666666665
973,973,973,58.38,-7.483923666666668,0.157595833333333,-0.0003246,-0.0129296833333331
974,974,974,58.44,-6.958124333333335,-0.11011900000000019,0.0001613333333333,-0.0120397499999998
975,975,975,58.5,-6.729202666666668,-0.3023231666666669,0.0005097166666667,-0.0116587499999998
976,976,976,58.56,-6.563702166666667,-0.4149240000000002,0.0006992333333333,-0.0113646833333331
977,977,977,58.62,-6.106794666666666,-0.5450818333333335,0.0009383833333332,-0.010586883333333
978,978,978,58.68,-5.699314833333335,-0.6542666666666671,0.0011293166666665,-0.0098817499999998
979,979,979,58.74,-5.6315366666666655,-0.7173503333333331,0.001166083333333,-0.0096774499999998
980,980,980,58.8,-5.770086666666667,-0.6614114999999998,0.0011028833333331,-0.0099584999999997
981,981,981,58.86,-5.9238015,-0.7448610000000002,0.0013265333333331,-0.0103183666666665
982,982,982,58.92,-6.330937333333333,-0.9369810000000003,0.0015754499999998,-0.0109255333333331
983,983,983,58.98,-6.241682,-0.9834441666666662,0.0016790666666665,-0.0107972333333332
984,984,984,59.04,-6.174650166666669,-1.0249071666666665,0.0017717666666665,-0.0107054499999998
985,985,985,59.1,-6.076085,-1.0105661666666668,0.0017559999999998,-0.0105454166666665
986,986,986,59.16,-5.917577833333334,-0.9905070000000002,0.0017122833333331,-0.0102596999999998
987,987,987,59.22,-5.809581833333333,-0.9556633333333338,0.0016494166666665,-0.0100693833333331
988,988,988,59.28,-5.864672500000001,-0.8388263333333332,0.0014787999999998,-0.0102032666666665
989,989,989,59.34,-5.8748580000000015,-0.8239890000000003,0.0013383833333331,-0.0100847333333331
990,990,990,59.4,-5.699437666666668,-0.7199139999999999,0.0012205499999998,-0.0098547499999998
991,991,991,59.46,-5.631883500000001,-0.6627581666666664,0.0011510166666665,-0.0097727666666665
992,992,992,59.52,-5.481302000000001,-0.6902713333333331,0.0012110666666665,-0.0095262999999998
993,993,993,59.58,-5.250073333333335,-0.6973444999999998,0.001254883333333,-0.0091632333333332
994,994,994,59.64,-5.023352166666668,-0.7801078333333329,0.0013960333333331,-0.0087672999999998
995,995,995,59.7,-4.997212500000001,-0.7683271666666669,0.0013378166666665,-0.0086758833333331
996,996,996,59.76,-4.967167833333334,-0.6261763333333332,0.0010747499999998,-0.0086038999999998
997,997,997,59.82,-4.966780333333333,-0.6007526666666665,0.0010728166666665,-0.0086542333333331
998,998,998,59.88,-5.0886301666666665,-0.5316818333333332,0.0010146666666665,-0.0089399166666665
999,999,999,59.94,-5.513248999999999,-0.411025166666667,0.00064455,-0.0094848999999998
