,Unnamed: 0,Time,Mx,My,CoPx,CoPy
0,0,0.0,-0.2454156666666659,-0.3147171666666667,0.0,0.0
1,1,0.06,-0.1897183333333326,-0.3326271666666668,2.0333333333299964e-05,9.164999999999998e-05
2,2,0.12,0.8194563333333342,0.3699716666666665,-0.0009395666666665,0.0014575166666665
3,3,0.18,2.0631168333333343,1.6115986666666666,-0.0026410666666665003,0.0031508166666665
4,4,0.24,3.6817821666666655,3.3487958333333334,-0.0050473166666665,0.0054188166666665
5,5,0.3,5.208123333333334,4.85127,-0.0071177166666665,0.0075244999999998
6,6,0.36,6.353455833333333,6.2428495,-0.009030766666666499,0.0090957833333331
7,7,0.42,7.214699,7.067308833333332,-0.0101593999999999,0.0102694666666665
8,8,0.48,7.358095500000001,7.472642333333332,-0.010712966666666499,0.0104593499999998
9,9,0.54,7.228102333333335,8.605206500000001,-0.0123010999999999,0.010328599999999799
10,10,0.6,8.088698500000001,10.546420666666666,-0.014955299999999899,0.0114845499999998
11,11,0.66,9.731086166666667,11.963387166666667,-0.016885783333333203,0.0137165499999998
12,12,0.72,12.3050565,13.23307,-0.0186373333333332,0.017264649999999798
13,13,0.78,13.697434166666666,14.712967166666663,-0.0206975833333332,0.0192150833333331
14,14,0.84,13.624313999999998,16.03878166666667,-0.0224756333333332,0.0190512999999998
15,15,0.9,13.133597833333338,16.873259333333333,-0.023627399999999903,0.0183818833333331
16,16,0.96,12.752118,17.39258683333333,-0.0244020833333332,0.0179305166666665
17,17,1.02,11.2943405,17.041598833333335,-0.0238905833333332,0.0158904166666664
18,18,1.08,9.594747833333336,16.553992333333333,-0.023226349999999903,0.0135583333333331
19,19,1.14,8.397731333333335,16.329908333333332,-0.0229325666666665,0.0119260166666665
20,20,1.2,7.474156166666669,15.794185666666666,-0.0221630833333332,0.0106211666666665
21,21,1.26,6.572233833333335,15.221508333333333,-0.0213606833333332,0.0093657499999998
22,22,1.32,6.023783333333333,15.021342166666663,-0.0210659166666665,0.0085918999999998
23,23,1.38,5.296392333333333,14.131139666666666,-0.0198670499999999,0.0076170333333330995
24,24,1.44,4.196174666666667,12.999380166666668,-0.018330749999999903,0.0061242499999998
25,25,1.5,3.0038401666666674,12.108239,-0.0170962166666665,0.0044753333333331
26,26,1.56,2.2703791666666677,11.354644166666665,-0.0160522999999999,0.0034589833333331
27,27,1.62,1.8034311666666671,11.019043166666668,-0.0155677666666665,0.0027940166666665
28,28,1.68,1.2380658333333343,10.475034,-0.0148603833333332,0.0020567333333331
29,29,1.74,1.029796500000001,9.639185666666666,-0.0136979499999999,0.0017579499999998
30,30,1.8,1.7021380000000004,8.714620166666666,-0.012427316666666499,0.0026852166666664
31,31,1.86,3.785523500000001,8.261884166666666,-0.0118160166666665,0.0055684333333331
32,32,1.92,6.392272500000002,8.289872,-0.0118286666666665,0.0091165499999998
33,33,1.98,7.756680833333334,7.8504536666666676,-0.011230866666666499,0.0110049499999998
34,34,2.04,7.8101641666666675,7.564138666666667,-0.0108825333333332,0.011159683333333099
35,35,2.1,7.911253333333335,7.873655,-0.011305833333333199,0.0112930499999998
36,36,2.16,8.894273666666667,8.501871333333334,-0.012079333333333199,0.0124855833333331
37,37,2.22,10.141089666666668,8.792580499999998,-0.012495933333333199,0.014229816666666499
38,38,2.28,11.1261315,8.0085245,-0.0115098333333332,0.0157636999999998
39,39,2.34,11.460799833333336,6.314218166666667,-0.0091347833333332,0.016137666666666498
40,40,2.4,11.186882833333334,5.727515999999999,-0.0082655666666665,0.015610566666666499
41,41,2.46,10.7946795,6.827242999999999,-0.0098196999999999,0.0151732999999998
42,42,2.52,10.786937166666666,8.2524815,-0.0118179499999999,0.0152387333333331
43,43,2.58,10.487845333333334,10.449731500000002,-0.0148074333333332,0.0147652166666665
44,44,2.64,10.1640915,13.130622499999998,-0.0184778499999999,0.0142930833333331
45,45,2.7,9.143519666666668,14.216062,-0.019977816666666502,0.0129015999999998
46,46,2.76,7.361271000000001,13.9894685,-0.019662933333333202,0.0104464166666665
47,47,2.82,6.116460833333336,13.287428666666663,-0.0187347666666665,0.0087760333333331
48,48,2.88,4.983061166666667,12.956694666666666,-0.0182750499999999,0.0072105166666665
49,49,2.94,3.804598833333334,13.429281666666666,-0.0189647833333332,0.0056255499999998
50,50,3.0,2.5252885000000003,14.768502166666668,-0.0207931999999999,0.0038474999999998
51,51,3.06,1.1605088333333342,16.2738555,-0.0228173999999999,0.0019307333333330999
52,52,3.12,0.0803870000000008,17.293297666666668,-0.024262833333333202,0.0004712166666665
53,53,3.18,-0.5275501666666658,17.779091833333336,-0.024936099999999902,-0.00036348333333330004
54,54,3.24,-0.4390881666666658,18.292456833333333,-0.0255687499999999,-0.00028359999999999995
55,55,3.3,0.0703018333333341,18.729823333333336,-0.0261277333333332,0.00039244999999987697
56,56,3.36,0.8343665000000008,19.372373166666662,-0.0270679166666665,0.0014755333333331
57,57,3.42,1.4468245000000006,20.248676,-0.0282982166666665,0.0023325499999997997
58,58,3.48,1.6176250000000008,21.101103,-0.0294818166666666,0.0025738666666665
59,59,3.54,1.538258000000001,21.70616033333333,-0.0303029833333332,0.0024579499999998
60,60,3.6,1.2058840000000008,22.0672105,-0.0308216999999999,0.0020124999999998
61,61,3.66,0.6170238333333343,22.141502000000003,-0.0309145833333332,0.0011969166666665
62,62,3.72,0.2302255000000009,22.13373766666667,-0.0308872666666666,0.0006560166666664
63,63,3.78,0.1269636666666675,22.15286133333333,-0.0309143999999999,0.0005144166666664
64,64,3.84,0.1896401666666674,22.31502416666666,-0.031113483333333202,0.0005885999999998
65,65,3.9,0.3579538333333341,22.706258,-0.0317362333333332,0.0008623333333331
66,66,3.96,0.7393693333333343,22.714407333333337,-0.0317153666666666,0.0013713166666664998
67,67,4.02,1.3899513333333344,22.451464666666663,-0.0313044999999999,0.0022410166666665
68,68,4.08,2.078528666666667,22.147987333333333,-0.030913066666666503,0.0032026666666664
69,69,4.14,2.577873666666668,21.94082483333334,-0.0306531499999999,0.0039049499999998
70,70,4.2,2.553944166666667,21.654567499999995,-0.0302573833333332,0.0038711166666664997
71,71,4.26,1.813099833333334,21.391470333333334,-0.029841433333333202,0.0028198166666665
72,72,4.32,0.6978096666666677,21.027162666666676,-0.0292949999999999,0.0012612666666665
73,73,4.38,-0.5443516666666659,20.26574033333333,-0.0283088833333332,-0.00041414999999999996
74,74,4.44,-0.9406179999999992,19.85700633333333,-0.0277357999999999,-0.0009646
75,75,4.5,-0.9160734999999994,19.473999,-0.0272568666666665,-0.0009062166666667001
76,76,4.56,-0.5263676666666658,19.331142833333328,-0.0270874666666666,-0.00035506666666670005
77,77,4.62,0.318774333333334,19.3142245,-0.0269973999999999,0.0007717999999998
78,78,4.68,0.8890393333333342,19.39790466666667,-0.0270932999999999,0.0015448499999998
79,79,4.74,0.7381926666666675,19.361672833333333,-0.027123033333333203,0.0013840499999998
80,80,4.8,0.0309325000000007,19.50574,-0.0273348333333332,0.00041681666666654166
81,81,4.86,-0.9754761666666656,19.767591666666664,-0.0276731499999999,-0.0009818000000000001
82,82,4.92,-2.2721814999999994,20.0729525,-0.028045966666666602,-0.00278945
83,83,4.98,-3.692589,20.357938333333333,-0.0284180999999999,-0.0047515166666667
84,84,5.04,-4.818189833333332,20.66427,-0.0288682333333332,-0.0062891166666667
85,85,5.1,-4.989969166666667,20.67628483333333,-0.0289350499999999,-0.0065092166666667
86,86,5.16,-4.4430355,20.623578166666665,-0.028872316666666602,-0.00575225
87,87,5.22,-3.5465555,20.341074499999998,-0.0284354499999999,-0.0045347833333333
88,88,5.28,-2.339991833333332,19.917298666666667,-0.0278150333333332,-0.0028906833333334
89,89,5.34,-0.5697108333333325,19.59669483333333,-0.0273863166666665,-0.00044986666666669997
90,90,5.4,1.7076638333333345,19.6797745,-0.0275256166666666,0.0026980999999998
91,91,5.46,3.756758666666668,19.427045,-0.027136366666666602,0.0054886499999998
92,92,5.52,4.861284833333333,19.049735333333334,-0.026582566666666602,0.0069803166666665
93,93,5.58,5.438309666666667,18.883743666666664,-0.026401299999999902,0.0078103166666665
94,94,5.64,5.626858833333333,18.87167366666667,-0.0264315499999999,0.0081076166666665
95,95,5.7,5.608591833333335,18.991508666666665,-0.0266083666666665,0.0080921833333331
96,96,5.76,5.486557500000001,19.41807283333333,-0.0271480833333332,0.0078861999999998
97,97,5.82,5.166125666666668,19.857173333333336,-0.0277380333333332,0.0074344166666665
98,98,5.88,4.932180833333335,20.498941833333337,-0.0286269333333332,0.0071172833333331
99,99,5.94,4.633371166666668,20.757762,-0.029026933333333203,0.0067377833333331
100,100,6.0,4.539067500000001,20.78625,-0.0290326166666666,0.0065840833333331
101,101,6.06,4.109735666666667,21.131278166666668,-0.029453266666666502,0.0059569333333331
102,102,6.12,3.407600666666667,21.48129383333333,-0.029842783333333203,0.0049331999999998
103,103,6.18,2.6634558333333342,21.070241333333332,-0.0295535333333332,0.0040845166666665005
104,104,6.24,2.707536333333334,20.918002166666668,-0.029325616666666502,0.0041343333333331
105,105,6.3,2.4156336666666687,20.65857283333333,-0.0289086499999999,0.0036947999999998
106,106,6.36,2.194398166666668,19.73740566666667,-0.0273920499999999,0.0032308499999998
107,107,6.42,1.6936591666666672,17.899790999999997,-0.0248453499999999,0.0025251666666665
108,108,6.48,0.8356301666666675,16.307247166666667,-0.022982583333333202,0.0015650666666665002
109,109,6.54,0.4916870000000009,15.616688166666668,-0.0220777833333332,0.0011231999999998
110,110,6.6,0.8774820000000007,15.353518833333334,-0.0215846833333332,0.0015653333333331002
111,111,6.66,1.7274601666666674,14.988800666666666,-0.0210728499999998,0.0027291666666665
112,112,6.72,3.0275735000000004,13.855159833333332,-0.019543966666666503,0.0045467999999998
113,113,6.78,3.3971860000000005,13.135796499999998,-0.0184275166666665,0.0049372666666665
114,114,6.84,2.619736333333334,12.452126666666665,-0.017514216666666502,0.0038942999999998
115,115,6.9,1.750775500000001,10.6930995,-0.0152087499999999,0.0028119666666664997
116,116,6.96,2.2388790000000003,8.539181500000002,-0.012227466666666499,0.0034718666666665
117,117,7.02,4.7380165000000005,7.233795833333333,-0.0103702999999999,0.0068319999999998
118,118,7.08,9.391062500000002,6.751727000000001,-0.0097230833333332,0.0132608166666665
119,119,7.14,13.383931666666667,7.597239666666666,-0.010862266666666499,0.0186984666666665
120,120,7.2,13.580733833333335,9.134708,-0.0130270666666665,0.0190748333333331
121,121,7.26,12.563386333333336,10.785964500000002,-0.0152947999999998,0.0176616499999998
122,122,7.32,12.52751966666667,12.341667833333332,-0.017408599999999903,0.0175671499999998
123,123,7.38,11.996053333333332,13.721099833333334,-0.0192934333333332,0.0168180499999998
124,124,7.44,11.067016166666669,13.932741166666666,-0.0196043166666665,0.0155672999999998
125,125,7.5,10.8141145,13.202124833333333,-0.0186115333333332,0.0152364999999998
126,126,7.56,11.747251833333335,12.413352333333332,-0.017525333333333202,0.0165201833333331
127,127,7.62,13.838256,11.526946166666663,-0.016281183333333202,0.0193582499999998
128,128,7.68,16.096633666666673,10.150160333333332,-0.014423949999999899,0.0225394999999998
129,129,7.74,17.718767,9.770358166666664,-0.013861449999999899,0.0246843999999998
130,130,7.8,18.14024000000001,10.203652833333337,-0.0144758999999999,0.0253047833333331
131,131,7.86,17.688126,10.832327833333332,-0.0153598333333332,0.0247224499999998
132,132,7.92,16.385324,10.837005666666668,-0.0153562833333332,0.022907783333333098
133,133,7.98,14.614668666666663,10.539082166666663,-0.0149617666666665,0.0204998166666665
134,134,8.04,13.276903333333337,9.988435,-0.0142108999999999,0.0186714333333331
135,135,8.1,12.94813616666667,9.424214666666668,-0.0133702833333332,0.0180958166666665
136,136,8.16,12.965683166666668,8.332440833333333,-0.011826299999999899,0.0180273166666665
137,137,8.22,12.613654666666667,7.751133666666666,-0.011111666666666499,0.0177234666666665
138,138,8.28,12.077641166666664,7.642714333333333,-0.0109916833333332,0.0170489166666665
139,139,8.34,11.116415333333334,7.938108833333333,-0.0113685166666665,0.015660783333333102
140,140,8.4,10.062762166666667,8.730145166666667,-0.0124160166666665,0.0141317333333331
141,141,8.46,8.416313333333333,9.372467333333333,-0.013305449999999799,0.0118814499999998
142,142,8.52,7.110285500000001,10.041281333333332,-0.014271333333333198,0.0101533333333331
143,143,8.58,6.264564166666668,11.17764,-0.0158476666666665,0.0090035999999998
144,144,8.64,5.491396500000002,12.525656166666666,-0.0175777666666665,0.0077958499999998
145,145,8.7,4.966173666666667,13.592633833333334,-0.0190213166666665,0.0070553166666665
146,146,8.76,5.528789833333334,14.8879415,-0.0209840999999999,0.008010449999999801
147,147,8.82,5.1068430000000005,15.849936333333334,-0.0223690666666665,0.0074818666666665
148,148,8.88,4.626054833333332,15.523166833333336,-0.021921766666666502,0.0068213833333331
149,149,8.94,4.713036333333333,14.5130895,-0.0204375999999999,0.0068568166666665
150,150,9.0,5.429064500000002,13.4096855,-0.018802849999999902,0.0077230333333331
151,151,9.06,6.835339166666667,12.068155333333332,-0.016972383333333202,0.0096648333333331
152,152,9.12,8.4414525,10.153007,-0.0144180499999999,0.0119779333333331
153,153,9.18,9.385429666666663,9.358582000000004,-0.013333666666666499,0.0132919166666665
154,154,9.24,9.9671395,9.705493666666667,-0.0137892666666665,0.0140563666666665
155,155,9.3,9.968051833333334,10.17509633333333,-0.014437533333333199,0.0140608833333331
156,156,9.36,9.6315675,10.286248666666664,-0.0145903833333332,0.0135978666666665
157,157,9.42,9.162991166666668,10.558405833333332,-0.0149145499999999,0.0128763499999998
158,158,9.48,8.684089666666667,11.280254,-0.0159388833333332,0.0122655333333331
159,159,9.54,7.971101833333334,11.945738833333332,-0.016923799999999902,0.0113777333333331
160,160,9.6,7.7721765,12.541326666666668,-0.0176873499999998,0.011031099999999799
161,161,9.66,7.954777833333335,13.467670666666669,-0.0189271333333332,0.0112403166666665
162,162,9.72,7.938445000000001,14.072568833333332,-0.0198078333333332,0.0112753833333331
163,163,9.78,7.504915166666668,14.468190499999997,-0.0203661666666665,0.010694083333333099
164,164,9.84,6.909703833333334,14.745012166666667,-0.0207154999999999,0.0098404833333331
165,165,9.9,6.292311666666667,14.863840166666668,-0.0208406499999998,0.0089519999999998
166,166,9.96,5.771397333333335,14.9458565,-0.0209332499999999,0.008216366666666499
167,167,10.02,5.437430500000003,15.165773166666668,-0.021272249999999902,0.0077938333333331
168,168,10.08,5.488772833333334,15.3678625,-0.0216052666666665,0.0079170999999998
169,169,10.14,5.936427166666667,15.350740166666665,-0.021578083333333203,0.0085300499999998
170,170,10.2,6.6590525000000005,15.359757833333337,-0.0215423833333332,0.0094763833333331
171,171,10.26,7.167889666666667,15.372409833333332,-0.0215908333333332,0.0102081666666665
172,172,10.32,7.437594833333335,15.413887333333337,-0.021669899999999902,0.0106025333333331
173,173,10.38,7.3034085000000015,15.549322999999998,-0.0218466833333332,0.0104076999999998
174,174,10.44,6.884261166666666,15.770060333333332,-0.0221503499999998,0.0098301333333331
175,175,10.5,5.971523666666667,15.651520499999998,-0.021984166666666503,0.0085707666666665
176,176,10.56,4.728975166666668,15.183129,-0.0213318166666665,0.0068531333333331
177,177,10.62,3.8658545000000006,14.788645333333337,-0.0207774666666665,0.0056550166666664995
178,178,10.68,3.1270426666666675,14.407027833333334,-0.0202564666666665,0.0046419666666665
179,179,10.74,2.392464166666667,14.228519666666667,-0.0200150333333332,0.0036348333333331
180,180,10.8,1.5534470000000005,14.1753545,-0.019932233333333202,0.0024724666666664998
181,181,10.86,0.3055993333333341,13.956276666666666,-0.0196436499999999,0.0007655166666664999
182,182,10.92,-0.9709034999999993,13.717346833333332,-0.0193105166666665,-0.0009944166666666998
183,183,10.98,-1.7571878333333324,13.627146833333336,-0.019172399999999902,-0.0020851666666667
184,184,11.04,-1.9037636666666655,13.344631833333333,-0.018776899999999902,-0.0022913333333333
185,185,11.1,-1.9824078333333324,13.371536333333331,-0.0188453333333332,-0.00237965
186,186,11.16,-1.8472159999999995,13.557877333333334,-0.0190896833333332,-0.0022012166666667
187,187,11.22,-1.7097669999999991,13.558936833333336,-0.0190896833333332,-0.0020130833333333
188,188,11.28,-1.407953999999999,13.895986333333331,-0.019566449999999902,-0.0015893166666667
189,189,11.34,-1.142588166666666,14.468893,-0.0203965166666665,-0.0011974
190,190,11.4,-0.5417878333333324,14.895410833333331,-0.020932583333333202,-0.00040333333333330006
191,191,11.46,0.2372265000000008,15.366410166666668,-0.0215640499999999,0.0006574666666665
192,192,11.52,1.0300428333333342,15.999202833333332,-0.0224413666666665,0.0017527666666663998
193,193,11.58,1.7579228333333343,16.4329325,-0.023066333333333203,0.0027743666666664997
194,194,11.64,2.5277403333333344,16.6270515,-0.0233133999999999,0.0038193333333330997
195,195,11.7,3.065936166666668,16.71238566666667,-0.0234485499999998,0.0045735666666665
196,196,11.76,3.0594740000000007,16.47515483333333,-0.0231132499999999,0.0045577166666665
197,197,11.82,2.5772218333333337,16.318337833333334,-0.0228583999999999,0.0038642666666664
198,198,11.88,1.907564166666668,16.395818166666665,-0.023009049999999902,0.0029756166666664997
199,199,11.94,1.6037040000000011,16.767600833333333,-0.0235550333333332,0.0025817499999998
200,200,12.0,1.4579626666666674,17.016497,-0.0238432333333332,0.0023430333333331
201,201,12.06,1.3499431666666672,16.986351833333334,-0.023806116666666502,0.0021974333333330998
202,202,12.12,1.142573333333334,16.854855833333332,-0.0236233666666665,0.0019108166666664999
203,203,12.18,0.7692183333333342,16.624152333333335,-0.0233128999999999,0.0014017833333331
204,204,12.24,0.416857833333334,16.46132366666667,-0.0230851499999999,0.0009143666666664
205,205,12.3,0.2351685000000007,16.3476255,-0.0229284999999999,0.0006641999999998001
206,206,12.36,0.0587201666666675,16.168143333333333,-0.022675283333333202,0.00041748333333319206
207,207,12.42,-0.0066631666666658,16.118979500000002,-0.0226046333333332,0.00032558333333320083
208,208,12.48,0.0684421666666675,16.166463333333336,-0.022696449999999802,0.0004459666666665
209,209,12.54,0.254092833333334,16.139551666666666,-0.0226620833333332,0.0007032499999998
210,210,12.6,0.5226665000000009,16.114631999999997,-0.0226048999999998,0.0010579333333330999
211,211,12.66,0.6508801666666677,16.073331333333332,-0.0225495333333332,0.0012352666666664998
212,212,12.72,0.588725333333334,15.991764166666668,-0.022450049999999902,0.0011584166666664
213,213,12.78,0.380494833333334,15.788432500000004,-0.0221744833333332,0.0008746999999998
214,214,12.84,0.2450216666666674,15.641358666666669,-0.0219514499999999,0.0006743833333331
215,215,12.9,-0.0655163333333324,15.643227666666665,-0.021973766666666502,0.0002600833333332253
216,216,12.96,-0.6645693333333325,15.635649,-0.0219817666666665,-0.0005532333333333
217,217,13.02,-1.8227369999999996,15.655543333333332,-0.0219522833333332,-0.0021806333333333
218,218,13.08,-3.1298515,15.781118333333334,-0.0221703666666665,-0.0039558333333333
219,219,13.14,-4.1601333333333335,15.986149833333332,-0.022451316666666502,-0.0053744666666667
220,220,13.2,-4.8653955,16.2801565,-0.0228101166666665,-0.0063643166666667
221,221,13.26,-5.410004833333333,16.584802333333332,-0.0232346833333332,-0.0071109833333334
222,222,13.32,-5.688285999999999,16.734945166666666,-0.0234707833333332,-0.0074831666666667004
223,223,13.38,-5.693184499999999,16.781411333333338,-0.0235442666666665,-0.007486566666666699
224,224,13.44,-5.2599635,16.773124000000003,-0.023526566666666502,-0.0068923166666667
225,225,13.5,-4.672498999999999,16.5064375,-0.0231449333333332,-0.0060895833333334
226,226,13.56,-4.029793499999999,16.26751366666667,-0.0228289999999998,-0.0051995
227,227,13.62,-3.2310216666666656,16.310911166666667,-0.0228823999999999,-0.0041030500000000004
228,228,13.68,-2.506360499999999,16.472527333333332,-0.0231476666666665,-0.0030838666666667
229,229,13.74,-1.7045029999999994,16.673532833333333,-0.0233882499999998,-0.0019986166666667
230,230,13.8,-0.8394441666666659,16.816170666666665,-0.023557566666666502,-0.0008234833333332999
231,231,13.86,0.0605833333333341,16.91628,-0.0236910833333332,0.0004117166666665335
232,232,13.92,1.045076500000001,16.790268,-0.0235326666666665,0.0017754999999997998
233,233,13.98,2.156079000000001,16.664813833333334,-0.0233680166666665,0.0033097999999998
234,234,14.04,3.0923341666666677,16.717854,-0.023440749999999802,0.0045980166666665
235,235,14.1,3.715574000000001,16.756184166666667,-0.0234948666666665,0.0054567166666665
236,236,14.16,3.917091500000002,16.6800015,-0.0233783166666665,0.0057245666666665
237,237,14.22,3.914199500000001,16.615863333333337,-0.0232744999999999,0.0057077333333331
238,238,14.28,3.855404500000001,16.487689333333336,-0.0231541833333332,0.0056727333333331
239,239,14.34,3.8870840000000015,16.38767083333333,-0.0229903666666665,0.0056950499999998
240,240,14.4,3.922032500000001,16.246055000000002,-0.0227793833333332,0.0057295499999997996
241,241,14.46,4.008639166666668,16.089528166666668,-0.0225702499999999,0.0058540833333331
242,242,14.52,4.103686500000001,15.913043500000002,-0.0223477999999999,0.0060022166666665
243,243,14.58,4.217993666666668,15.7708745,-0.022141299999999902,0.0061504499999998
244,244,14.64,4.153656333333335,15.597226,-0.0218976666666665,0.0060575833333331
245,245,14.7,3.7228973333333344,15.398936166666664,-0.0216203166666665,0.0054611166666665
246,246,14.76,3.1261233333333336,15.086797333333331,-0.0211944833333332,0.0046430333333331
247,247,14.82,2.5863825000000005,14.848207666666667,-0.0208486999999998,0.0038859833333331
248,248,14.88,2.093414000000001,14.577914,-0.0205051666666665,0.0032309166666664997
249,249,14.94,1.8796058333333336,14.372247000000003,-0.0202220833333332,0.0029365166666665
250,250,15.0,2.0444685000000007,14.136404333333331,-0.0198735833333332,0.0031438166666665
251,251,15.06,2.2289576666666675,13.904477999999996,-0.0195610999999999,0.0034031833333331
252,252,15.12,2.4986058333333347,13.718380166666666,-0.0193101833333332,0.0037784833333331
253,253,15.18,3.053264000000001,13.5520125,-0.0190945333333332,0.0045536999999998
254,254,15.24,3.948312166666668,13.415706666666669,-0.0188992666666665,0.0057785166666665
255,255,15.3,4.812948333333334,13.420476166666669,-0.018896599999999902,0.0069591666666665
256,256,15.36,4.893821166666667,13.326743166666663,-0.018779633333333202,0.0070827666666665
257,257,15.42,4.921410333333333,13.204274333333334,-0.018599966666666502,0.0071091999999998
258,258,15.48,4.905887500000001,13.352610166666665,-0.018813683333333203,0.0070977999999998
259,259,15.54,4.877562666666667,13.767358166666666,-0.0194053499999999,0.0070799833333331
260,260,15.6,4.946369166666667,14.230854333333337,-0.020001899999999902,0.0071334666666664995
261,261,15.66,5.010061666666668,14.617613,-0.020536149999999902,0.0072233166666665
262,262,15.72,5.1254265000000006,15.199440166666667,-0.021353799999999902,0.0073982666666664995
263,263,15.78,5.302993500000001,15.696833166666666,-0.0220387166666665,0.0076431666666665
264,264,15.84,4.597020000000001,15.945961166666669,-0.0223606666666665,0.0066529666666664995
265,265,15.9,3.2299345000000006,16.0565875,-0.0225159666666665,0.0047752999999998
266,266,15.96,1.8433878333333344,16.026368333333334,-0.0225047166666665,0.0028907666666664997
267,267,16.02,0.8934516666666675,16.156538,-0.0226626666666665,0.0015684666666665
268,268,16.08,-0.0052439999999991,16.461031166666668,-0.0230884666666665,0.00033538333333321506
269,269,16.14,-0.698766666666666,17.04263633333333,-0.023913533333333202,-0.0006039333333333001
270,270,16.2,-0.9923949999999988,17.641744499999998,-0.024708033333333202,-0.0010255333333333001
271,271,16.26,-0.8960673333333323,18.168913666666672,-0.025427049999999903,-0.00089625
272,272,16.32,-0.5159413333333325,18.3433855,-0.025674666666666502,-0.00036930000000000003
273,273,16.38,0.0447875000000007,18.269730166666665,-0.0255946833333332,0.0004147999999998751
274,274,16.44,0.8736866666666674,18.195452,-0.0254770166666665,0.0015465499999998
275,275,16.5,1.6846131666666675,17.876680666666665,-0.0250323666666665,0.0026587499999997997
276,276,16.56,2.620720000000001,17.53026733333333,-0.024550316666666502,0.0039428166666665
277,277,16.62,3.456607333333334,17.311557166666663,-0.0242442833333332,0.0050887333333331
278,278,16.68,3.936641833333334,17.186385833333336,-0.0240971333333332,0.0057691666666665
279,279,16.74,3.8722825,16.937047999999997,-0.0237974499999999,0.0057156666666665
280,280,16.8,3.385857166666668,16.627676666666666,-0.0233304166666665,0.0050128833333331
281,281,16.86,2.272214333333334,16.426527999999998,-0.0230592833333332,0.0034839666666665
282,282,16.92,0.7407888333333342,16.43603,-0.0230870333333332,0.0013847166666663998
283,283,16.98,-0.7150738333333325,16.688472333333333,-0.023403283333333202,-0.0006395166666667
284,284,17.04,-1.8777636666666664,16.939131333333336,-0.0237127333333332,-0.0022589000000000003
285,285,17.1,-2.505566333333333,16.904227666666667,-0.0236962833333332,-0.0031059833333333003
286,286,17.16,-2.6228099999999994,16.550394,-0.0232070166666665,-0.0032686166666667
287,287,17.22,-2.470751999999999,15.982324333333334,-0.0223618833333332,-0.0030928833333333
288,288,17.28,-1.9445953333333323,15.543350166666668,-0.0217864499999999,-0.0023544666666667
289,289,17.34,-0.9238833333333326,15.101847666666664,-0.0212723499999998,-0.0008935999999999999
290,290,17.4,0.8552533333333343,14.700900166666663,-0.0206691999999998,0.0015216833333331
291,291,17.46,2.351976500000001,14.530198666666667,-0.0203726666666665,0.0035314166666664997
292,292,17.52,3.388563166666667,14.367970666666668,-0.0201848166666665,0.0049863833333330995
293,293,17.58,4.453735,14.339170999999997,-0.020197433333333202,0.0065001333333331
294,294,17.64,5.6407630000000015,14.324960833333332,-0.0201544999999999,0.0081116833333331
295,295,17.7,6.700872166666668,14.377696166666665,-0.0202084999999999,0.0095510166666665
296,296,17.76,7.236814166666667,14.323939,-0.0201290999999999,0.0102823833333331
297,297,17.82,7.065226000000001,14.006396833333334,-0.0196957499999999,0.0100500833333331
298,298,17.88,6.492843333333336,13.768464166666668,-0.0193772499999999,0.0092723833333331
299,299,17.94,6.070479833333335,13.707469833333333,-0.0193178499999998,0.0087178833333331
300,300,18.0,5.619720500000001,13.712105500000002,-0.0192942999999999,0.0080655666666665
301,301,18.06,5.316624166666668,13.946941666666666,-0.0196108666666665,0.0076418833333331
302,302,18.12,5.103958666666668,14.386906166666668,-0.020229266666666502,0.0073625499999997995
303,303,18.18,5.073893166666668,14.71602166666667,-0.0207023499999998,0.0073407499999998
304,304,18.24,5.242199166666667,14.9744955,-0.021045633333333202,0.0075602333333331
305,305,18.3,5.337960166666666,15.197118666666665,-0.0213485166666665,0.0076886166666664995
306,306,18.36,5.246878166666666,15.400238166666666,-0.0216235833333332,0.0075593499999998
307,307,18.42,4.9339580000000005,15.567357666666664,-0.0218438999999998,0.0071200666666665
308,308,18.48,4.584377166666668,15.775127333333334,-0.022135499999999902,0.0066440333333330995
309,309,18.54,4.155366333333334,15.990371333333336,-0.0224684166666665,0.0060855999999998
310,310,18.6,3.866587000000001,16.1692045,-0.0226834333333332,0.0056615666666665
311,311,18.66,3.703730333333334,16.307155166666668,-0.0228549999999999,0.0054224666666665
312,312,18.72,3.402633166666667,16.6440125,-0.0233472833333332,0.0050314999999998
313,313,18.78,3.125622333333334,16.930278500000004,-0.0237472333333332,0.0046545833333331
314,314,18.84,2.7037583333333344,17.178182333333332,-0.0240658333333332,0.0040570833333331
315,315,18.9,1.990106833333334,17.271859499999998,-0.0241915499999998,0.0030730166666665
316,316,18.96,1.1870626666666677,17.419628333333335,-0.0244059166666665,0.0019756499999998
317,317,19.02,0.5418748333333341,17.38748383333333,-0.0243481833333332,0.0010793166666665
318,318,19.08,0.3640878333333341,17.408504333333333,-0.0243588666666665,0.0008233999999998
319,319,19.14,0.3792590000000008,17.463346333333334,-0.0245138999999998,0.0008937833333331
320,320,19.2,1.0013651666666676,17.570850999999998,-0.024625383333333202,0.0017271999999998
321,321,19.26,2.1030491666666675,17.575133666666666,-0.0246009833333332,0.0032230166666664998
322,322,19.32,3.738630166666668,17.423486833333335,-0.0244048833333332,0.0054823999999998
323,323,19.38,6.042762333333334,16.996066333333335,-0.023824383333333202,0.0086581999999998
324,324,19.44,7.983205333333334,16.749867333333334,-0.0234587833333332,0.0113022999999998
325,325,19.5,8.906866166666669,16.50908433333333,-0.0231476999999999,0.0125935499999998
326,326,19.56,9.133605,16.627051833333333,-0.023347766666666502,0.0129460166666665
327,327,19.62,8.806341500000002,16.682291166666666,-0.023395683333333202,0.0124656166666665
328,328,19.68,8.057558333333334,16.636521833333333,-0.0232873833333332,0.0113885166666665
329,329,19.74,6.6666955,16.443561833333334,-0.0231059833333332,0.0095574833333331
330,330,19.8,5.455861333333335,16.43181483333333,-0.0230650166666665,0.0078669833333331
331,331,19.86,4.690109833333334,16.507233333333332,-0.023110816666666503,0.0067621666666665
332,332,19.92,4.296528,16.526422333333336,-0.0231353999999999,0.0062197833333331
333,333,19.98,4.390748666666667,16.2851595,-0.0228342333333332,0.0063753999999997995
334,334,20.04,5.102773333333334,16.167461499999998,-0.0226704833333332,0.0073531333333331
335,335,20.1,5.998680166666667,16.065555,-0.0225525333333332,0.0086065166666665
336,336,20.16,7.012540666666667,15.886307666666667,-0.022308483333333202,0.0100047666666665
337,337,20.22,8.266600833333333,15.548889833333332,-0.0218274833333332,0.0117134166666665
338,338,20.28,9.28822,15.194878666666666,-0.0213364833333332,0.0131146833333331
339,339,20.34,9.679676666666667,14.933923666666663,-0.021015233333333203,0.0136984833333331
340,340,20.4,9.857174333333337,14.685600666666666,-0.020671916666666502,0.0139413333333331
341,341,20.46,9.919154000000002,14.436792,-0.0202809833333332,0.0139670333333331
342,342,20.52,9.819141666666669,14.328285666666662,-0.020138433333333202,0.0138377499999998
343,343,20.58,9.617574666666668,14.369178833333336,-0.0202200999999999,0.0135918333333331
344,344,20.64,9.46982583333333,14.542521166666669,-0.0204483999999999,0.0133758499999998
345,345,20.7,9.583630666666664,14.619486333333333,-0.0205575666666666,0.0135364166666665
346,346,20.76,9.888025,14.687661833333332,-0.0206598166666665,0.013965766666666499
347,347,20.82,10.320762666666663,14.862183,-0.0208537333333332,0.0145039833333331
348,348,20.88,10.921315333333332,14.925977500000004,-0.0209105999999999,0.015290499999999799
349,349,20.94,10.756724499999995,15.164547,-0.0213460666666665,0.0151982333333331
350,350,21.0,10.703818000000002,15.311093833333333,-0.0215379333333332,0.0151130333333331
351,351,21.06,10.591331666666669,15.2929165,-0.0214711666666665,0.0149072166666665
352,352,21.12,10.278142666666668,15.301240666666668,-0.0214778999999998,0.0144705833333331
353,353,21.18,9.924490999999998,15.234622666666668,-0.021398016666666502,0.0139980333333331
354,354,21.24,9.520470166666666,15.043003666666667,-0.0211263499999999,0.013432749999999799
355,355,21.3,9.07366166666667,14.952049000000004,-0.021000466666666502,0.0128171833333331
356,356,21.36,8.418930166666668,14.886677999999998,-0.020927733333333202,0.0119360999999998
357,357,21.42,8.052637833333334,14.77556,-0.020764899999999902,0.011420749999999799
358,358,21.48,7.708344166666667,14.7163805,-0.0206632666666665,0.0109247666666665
359,359,21.54,7.262050333333335,14.686004666666667,-0.0206718999999999,0.0103655999999998
360,360,21.6,6.898563500000001,14.7529745,-0.0207445999999999,0.0098443666666665
361,361,21.66,6.535659833333336,14.812382666666668,-0.020800416666666502,0.0093177666666665
362,362,21.72,6.272468166666667,14.871455666666664,-0.0208914833333332,0.0089657666666665
363,363,21.78,6.125332166666668,14.834364499999998,-0.0208506333333332,0.008773749999999799
364,364,21.84,6.257875333333336,14.863916333333334,-0.0208930999999998,0.0089579666666665
365,365,21.9,6.344617500000002,15.1193355,-0.0212451499999999,0.0090778333333331
366,366,21.96,6.389001833333335,15.603117333333332,-0.0219157499999999,0.0091435666666665
367,367,22.02,6.3251931666666685,15.834346166666666,-0.0222296333333332,0.0090515166666665
368,368,22.08,5.921652166666667,15.60319016666667,-0.021864383333333202,0.0084506666666665
369,369,22.14,5.276663833333334,14.966142666666666,-0.0210448499999999,0.0076181333333331
370,370,22.2,4.677787666666668,14.262241333333328,-0.0200776999999999,0.0067954333333331
371,371,22.26,4.143447166666667,13.778862000000004,-0.019393266666666503,0.0060415499999998
372,372,22.32,3.730994333333334,13.3575075,-0.0188029666666665,0.0054639833333331
373,373,22.38,3.381235000000001,12.874032833333334,-0.018176283333333203,0.0050201499999998
374,374,22.44,3.374321000000001,12.543698,-0.0177067833333332,0.0049961999999998
375,375,22.5,3.5527908333333347,12.440681666666666,-0.017492033333333202,0.0051686166666665
376,376,22.56,3.5655285,12.417286666666666,-0.0174955666666665,0.0052220666666665
377,377,22.62,3.970724166666668,12.432829833333331,-0.017546083333333202,0.0058090333333331
378,378,22.68,5.139065166666668,12.367640833333336,-0.0174027499999999,0.0073575999999998
379,379,22.74,6.3780855,12.320554166666664,-0.017410466666666503,0.0091450166666665
380,380,22.8,7.948370833333333,12.420447666666666,-0.017576549999999802,0.0113438833333331
381,381,22.86,9.6623645,12.330779666666668,-0.0174065333333332,0.0136430833333331
382,382,22.92,10.719595,12.05676783333333,-0.0170107499999999,0.0150711166666665
383,383,22.98,11.504093666666668,11.770637166666669,-0.0166209666666665,0.0161557999999998
384,384,23.04,11.978573666666668,11.863857333333332,-0.016747733333333202,0.0168060333333331
385,385,23.1,11.9682895,12.438720833333331,-0.0175515166666665,0.0168119166666665
386,386,23.16,12.049938666666668,13.118150499999995,-0.0184875499999999,0.0169258999999998
387,387,23.22,12.467794666666665,13.668787666666669,-0.0192343166666665,0.0174851499999998
388,388,23.28,12.794465,13.882984333333336,-0.0195449666666665,0.0179573333333331
389,389,23.34,12.876752666666668,13.972770999999998,-0.0196953166666665,0.0181090999999998
390,390,23.4,12.965631333333334,14.040969666666667,-0.0196977166666665,0.0180996999999998
391,391,23.46,11.9057435,13.926615833333331,-0.0195775166666665,0.0166951666666665
392,392,23.52,10.462525333333334,13.758191666666669,-0.0193694166666665,0.0147424666666664
393,393,23.58,8.8911425,13.5826285,-0.019107933333333202,0.0125554833333331
394,394,23.64,7.654847666666667,13.742336166666666,-0.0193565833333332,0.0108886666666665
395,395,23.7,7.491170333333333,14.026061666666669,-0.0197578833333332,0.0106758166666665
396,396,23.76,7.777452833333333,13.817753000000002,-0.0194095666666665,0.0109982166666665
397,397,23.82,8.4389765,13.148253666666667,-0.0184643499999999,0.0118754666666665
398,398,23.88,9.665149833333336,12.759473833333336,-0.0179969166666665,0.0136490166666665
399,399,23.94,11.13549,12.678474,-0.0179678999999999,0.0157910333333331
400,400,24.0,11.731602999999998,13.07176966666667,-0.018440466666666502,0.0165125833333331
401,401,24.06,11.746550999999998,13.916584166666668,-0.0195528833333332,0.0164620499999998
402,402,24.12,12.0900525,14.296986,-0.0201076166666665,0.0169779666666665
403,403,24.18,12.332815333333338,14.389492666666673,-0.0202268666666665,0.0173009833333331
404,404,24.24,12.372178833333331,14.5406805,-0.020383999999999902,0.0172855333333331
405,405,24.3,11.688540499999998,14.3487235,-0.0201734499999998,0.016418149999999798
406,406,24.36,10.504000666666665,13.767287833333334,-0.019415899999999802,0.0148444166666665
407,407,24.42,9.879353333333334,13.610022000000004,-0.0191820166666665,0.0139615833333331
408,408,24.48,9.921595500000002,13.672411333333336,-0.0192726833333332,0.0140256833333331
409,409,24.54,10.251640666666669,13.415954666666668,-0.0189155666666665,0.0144750499999998
410,410,24.6,10.471905833333336,13.192715666666668,-0.0185923999999999,0.0147570166666665
411,411,24.66,10.812651166666669,13.102805999999998,-0.0184361666666665,0.0151808833333331
412,412,24.72,11.421838500000002,12.92009983333333,-0.0181917333333332,0.0160277666666665
413,413,24.78,12.260359666666664,12.890770166666668,-0.0181679666666665,0.0172053166666665
414,414,24.84,12.8595195,13.107831166666667,-0.018461149999999902,0.0180213833333331
415,415,24.9,12.688338999999996,13.049230499999998,-0.0183866333333332,0.0177948999999998
416,416,24.96,12.358482000000002,12.794702666666668,-0.0180281333333332,0.0173287166666665
417,417,25.02,11.603692333333337,12.713844000000003,-0.017922883333333202,0.0162990833333331
418,418,25.08,10.805576500000004,12.806248166666668,-0.018086133333333202,0.015252583333333099
419,419,25.14,10.017490500000005,12.861531833333334,-0.018144199999999902,0.0141423999999998
420,420,25.2,8.852167666666668,12.764011000000002,-0.0179773833333332,0.0124955166666665
421,421,25.26,7.355283166666666,12.596447499999998,-0.017756966666666502,0.0104492833333331
422,422,25.32,5.824716500000002,12.610919666666668,-0.017796416666666502,0.0083665333333331
423,423,25.38,4.410570666666668,12.7020085,-0.0179105499999998,0.0064080499999998
424,424,25.44,3.2402505000000006,12.920472166666665,-0.0182177499999999,0.0048041333333331
425,425,25.5,2.686119,13.078574333333334,-0.0184229333333332,0.0040301166666665
426,426,25.56,2.200298166666668,13.112986333333334,-0.0184521333333332,0.0033458666666665
427,427,25.62,1.722031333333334,13.1635395,-0.0185632999999999,0.0027241166666664
428,428,25.68,2.1593288333333343,13.19124,-0.0186211833333332,0.0033436499999997997
429,429,25.74,3.372872333333334,13.304225666666667,-0.0187306499999999,0.0049723333333331
430,430,25.8,5.199333500000001,13.421828833333334,-0.0188834833333332,0.0074750666666665
431,431,25.86,6.920828666666668,13.461366000000002,-0.0189645999999998,0.0098726999999998
432,432,25.92,8.540611500000002,13.47192,-0.0189760499999999,0.0120982666666665
433,433,25.98,9.4400425,13.536967,-0.0190499833333332,0.0133162499999998
434,434,26.04,9.724255333333334,13.482403166666664,-0.018981733333333202,0.0137159833333331
435,435,26.1,9.907087,13.253292666666663,-0.018667166666666502,0.0139683166666665
436,436,26.16,9.819823333333334,12.988882000000002,-0.0182980666666665,0.0138412666666665
437,437,26.22,9.659250666666669,12.534992999999998,-0.0176980833333332,0.0136535999999998
438,438,26.28,9.793856166666666,11.920760333333334,-0.0168351833333332,0.0138142166666665
439,439,26.34,10.068346166666666,11.361873166666664,-0.0160735666666665,0.0142032666666665
440,440,26.4,10.489248333333338,10.801667666666669,-0.0152856166666665,0.0147557333333331
441,441,26.46,11.062552333333334,10.241844333333333,-0.014524749999999899,0.0155595333333331
442,442,26.52,11.958069833333331,9.716804833333333,-0.013811266666666499,0.0168078166666665
443,443,26.58,13.106682500000002,9.070420666666667,-0.0129139833333332,0.0183733166666665
444,444,26.64,14.1955225,8.654990999999999,-0.0123326166666665,0.0198510999999998
445,445,26.7,14.384913333333332,8.723652666666665,-0.012441366666666499,0.0201420833333331
446,446,26.76,13.969558833333334,8.846443333333331,-0.012604749999999899,0.0195585333333331
447,447,26.82,13.310671833333336,8.950153833333333,-0.0127618666666665,0.0186814499999998
448,448,26.88,12.833700333333333,9.030162166666669,-0.0128571166666665,0.0179951333333331
449,449,26.94,12.226495333333336,9.010081666666665,-0.0128222499999999,0.0171454499999998
450,450,27.0,11.536788833333333,9.0167445,-0.0128236999999999,0.0161824999999998
451,451,27.06,10.923245666666668,9.0041465,-0.012816249999999899,0.0153572166666665
452,452,27.12,10.426523166666668,9.204194,-0.0131031999999998,0.0146950999999998
453,453,27.18,9.965054166666668,9.422107333333336,-0.0133981666666665,0.0140512166666665
454,454,27.24,8.931897833333332,9.778970499999998,-0.0138970666666665,0.0126427166666665
455,455,27.3,7.791799333333333,10.300498666666668,-0.0145947499999999,0.0110441999999998
456,456,27.36,6.457579000000002,10.290218666666668,-0.0145869166666665,0.0092169499999998
457,457,27.42,4.8260135,9.829483166666668,-0.013976266666666499,0.0070030499999998
458,458,27.48,3.395960500000001,9.492044333333332,-0.0134774833333332,0.0049922166666665
459,459,27.54,2.330076166666668,8.966832666666665,-0.0128147499999999,0.0035970999999998
460,460,27.6,1.905859666666668,8.65429,-0.012372166666666498,0.0029982499999997997
461,461,27.66,2.088610166666668,8.936282,-0.0127406999999999,0.0032267333333330997
462,462,27.72,2.856548833333333,9.350484499999997,-0.0132701833333332,0.0042354999999998
463,463,27.78,2.970492166666668,9.028789666666665,-0.0128395333333332,0.0044060499999997995
464,464,27.84,2.9507328333333342,8.762582000000002,-0.012491866666666499,0.0044014499999998
465,465,27.9,3.118269666666668,9.316354333333331,-0.0132579999999998,0.0046369666666665
466,466,27.96,3.918590500000001,10.901420833333331,-0.0154691666666665,0.0057720499999997996
467,467,28.02,5.3748915,12.9998625,-0.0183111333333332,0.0077250499999998
468,468,28.08,6.2920058333333335,13.984016666666667,-0.0196457999999998,0.0089660499999998
469,469,28.14,6.506484666666668,13.512621666666664,-0.018995733333333202,0.0092583999999998
470,470,28.2,6.399560166666668,13.056088500000005,-0.0184380499999998,0.0091903499999998
471,471,28.26,6.571767833333334,13.252749,-0.018696549999999902,0.0094137333333331
472,472,28.32,6.947873000000002,13.569004,-0.0190875833333332,0.0098811833333331
473,473,28.38,7.283310333333333,13.611808,-0.0191432166666665,0.010338766666666499
474,474,28.44,7.8087653333333344,13.900900166666666,-0.0195471833333332,0.0110686833333331
475,475,28.5,8.477460500000001,14.633113166666666,-0.0205824999999999,0.0120207666666665
476,476,28.56,8.91348316666667,15.034834333333333,-0.0211769166666665,0.0126687499999998
477,477,28.62,9.093679666666668,14.8163655,-0.0208083833333332,0.0128384333333331
478,478,28.68,8.974144,14.601916666666664,-0.020492083333333203,0.0126487999999998
479,479,28.74,8.773789166666665,14.556801166666668,-0.0204509666666665,0.0123976999999998
480,480,28.8,8.746864666666665,14.981650333333333,-0.0210456166666665,0.0123726499999998
481,481,28.86,8.870944500000002,15.97522316666667,-0.022413933333333202,0.0125448999999998
482,482,28.92,9.31635516666667,17.064089,-0.0238922999999999,0.0131368166666665
483,483,28.98,9.691367333333336,17.649670500000003,-0.0246991999999998,0.0136542666666665
484,484,29.04,9.859641000000002,17.808627500000004,-0.0249668666666665,0.0139370833333331
485,485,29.1,9.899264,17.940811333333333,-0.0251763999999999,0.0140203333333331
486,486,29.16,9.8471475,18.50511833333333,-0.0258919499999999,0.0138854833333331
487,487,29.22,9.418224833333332,19.52229466666666,-0.027262483333333202,0.0132673833333331
488,488,29.28,9.025054666666668,20.64899466666667,-0.028776949999999902,0.0126967333333331
489,489,29.34,8.84114566666667,21.35267383333333,-0.0298047499999999,0.0124967833333331
490,490,29.4,8.661791166666667,21.587810666666662,-0.030185699999999902,0.0122987333333331
491,491,29.46,8.453121666666666,21.6063175,-0.030215499999999902,0.0120151833333331
492,492,29.52,8.140129833333335,21.85158566666667,-0.030470716666666602,0.0115161999999998
493,493,29.58,7.645507833333332,22.218950666666668,-0.030973199999999902,0.0108340999999998
494,494,29.64,6.7511095,22.41865383333333,-0.0312934333333332,0.0096382666666665
495,495,29.7,5.747243166666668,22.672983,-0.0316738499999999,0.0082781999999998
496,496,29.76,5.123047666666668,22.708532166666668,-0.0316974833333332,0.0074011833333331
497,497,29.82,4.551985,22.669221166666667,-0.0316276666666666,0.0066047166666665
498,498,29.88,4.316136666666667,22.6005165,-0.0315349166666666,0.0062811666666665
499,499,29.94,4.521470500000002,22.45189383333333,-0.0313037333333332,0.0065462999999998
500,500,30.0,4.850466166666668,22.172602333333334,-0.0309276499999999,0.0070040166666665
501,501,30.06,5.0597235000000005,21.921849500000004,-0.0306243833333332,0.0073208333333330995
502,502,30.12,5.336819500000001,21.605934333333337,-0.030160849999999902,0.0076820666666665
503,503,30.18,5.6100113333333335,21.120848833333334,-0.0294872333333332,0.0080532666666665
504,504,30.24,5.790861500000001,20.59355383333333,-0.0287945833333332,0.0083270833333331
505,505,30.3,6.107660833333333,20.05779833333333,-0.0280424999999999,0.0087516833333331
506,506,30.36,6.329504833333334,19.468293833333338,-0.027209883333333202,0.0090399333333331
507,507,30.42,6.432708333333336,19.191157166666667,-0.026828883333333203,0.0091818499999998
508,508,30.48,6.236372000000002,19.137439333333337,-0.026762966666666502,0.0089184499999998
509,509,30.54,5.772652833333335,19.15678133333333,-0.0268218333333332,0.0083065166666665
510,510,30.6,5.298718333333335,19.225793666666668,-0.026915299999999902,0.0076526333333331
511,511,30.66,4.963478666666669,19.343765166666664,-0.0270680166666666,0.0071833499999998
512,512,30.72,4.745772666666666,19.250310666666664,-0.026939649999999902,0.0068839333333331
513,513,30.78,4.600943,19.376958166666665,-0.0270669166666665,0.0066492333333331
514,514,30.84,4.2163425000000005,19.505647833333335,-0.027303116666666603,0.0061636999999998
515,515,30.9,3.8000135,19.658477166666668,-0.0275222333333332,0.0055965499999998
516,516,30.96,3.5622166666666675,19.821089166666663,-0.0277009833333332,0.0052374833333331
517,517,31.02,3.1830593333333344,19.685444333333333,-0.0275046833333332,0.0047093666666665
518,518,31.08,2.9556653333333345,19.504822000000004,-0.0272432833333332,0.0043877499999998
519,519,31.14,2.7092655000000008,19.043395,-0.0266450166666666,0.0040736666666665
520,520,31.2,2.3037760000000005,18.425560500000007,-0.0258002333333332,0.0035191499999998
521,521,31.26,1.8905876666666677,18.059569166666662,-0.025276699999999902,0.0029372166666665
522,522,31.32,1.5592418333333342,17.688228666666664,-0.0247801333333332,0.0024908666666664998
523,523,31.38,1.4088536666666676,17.077726166666665,-0.0239156333333332,0.0022672999999998
524,524,31.44,1.386966000000001,16.334477,-0.0229308166666665,0.0022637666666665
525,525,31.5,1.531809833333334,15.407872833333336,-0.0216604499999999,0.0024670333333331
526,526,31.56,1.9312631666666675,14.502297333333331,-0.0203847333333332,0.0029945666666663998
527,527,31.62,2.348807333333333,13.705663333333332,-0.0192961833333332,0.0035752333333331
528,528,31.68,2.572523000000001,12.652358666666668,-0.0178456166666665,0.0038823333333331
529,529,31.74,3.048830666666668,12.214399333333336,-0.0172355833333332,0.0045304333333331
530,530,31.8,3.599843166666667,12.311118833333332,-0.0173883833333332,0.0053086499999997995
531,531,31.86,4.235419000000001,12.962051999999998,-0.0182789666666665,0.0061780666666665
532,532,31.92,4.501015000000001,13.297588,-0.0187190499999999,0.0065213833333331
533,533,31.98,4.530064666666667,12.991892,-0.0182877499999998,0.0065501666666665
534,534,32.04,4.628163666666667,12.77362,-0.0180348666666665,0.0067345499999998
535,535,32.1,5.0320490000000015,13.015639166666666,-0.0183679166666665,0.0072905333333331
536,536,32.16,5.893068833333334,13.347525166666664,-0.0187764999999999,0.0084236999999998
537,537,32.22,6.509333166666668,12.790153333333334,-0.0180236666666665,0.0092866333333331
538,538,32.28,6.865319000000001,12.020777666666666,-0.0169880333333332,0.0098040499999998
539,539,32.34,7.158273833333333,11.623340333333331,-0.0164138499999999,0.0101724166666665
540,540,32.4,7.382693666666667,11.545844500000005,-0.0163153833333332,0.0104915333333331
541,541,32.46,7.266886,11.691641333333337,-0.0165275666666665,0.0103475999999998
542,542,32.52,7.093933666666668,11.303257166666668,-0.0159784999999999,0.0100903499999998
543,543,32.58,6.428907333333334,10.822803666666667,-0.0153219999999999,0.0091812166666665
544,544,32.64,5.803703166666668,10.534611333333336,-0.014933733333333199,0.0083318666666665
545,545,32.7,5.2577300000000005,10.363499499999998,-0.0147192833333332,0.0076071666666665
546,546,32.76,4.536862833333335,10.233251333333332,-0.014506766666666499,0.0065733333333331
547,547,32.82,3.5656233333333343,10.104451666666668,-0.0143297499999999,0.0052376333333331
548,548,32.88,2.5996360000000016,9.949161,-0.014131633333333199,0.0039260666666665
549,549,32.94,1.756794333333335,9.97995,-0.0141710999999999,0.0027630999999997997
550,550,33.0,1.1670083333333343,10.1401795,-0.014389199999999899,0.0019486666666665002
551,551,33.06,0.6951358333333342,10.194868333333336,-0.0144702499999998,0.0013049666666665
552,552,33.12,0.3555901666666674,10.2858595,-0.0145830833333332,0.0008259833333331
553,553,33.18,0.1919918333333341,10.471492166666668,-0.0148395333333332,0.0006018999999998
554,554,33.24,0.1330860000000006,10.722687166666669,-0.0151786833333332,0.0005150499999998
555,555,33.3,0.1380091666666673,10.942331666666666,-0.0155123999999998,0.0005495499999998
556,556,33.36,0.3340491666666674,11.200116000000005,-0.0158402666666665,0.0007958333333331
557,557,33.42,0.6732936666666673,11.50809716666667,-0.016259233333333203,0.0012583833333331
558,558,33.48,1.1000478333333343,11.950894166666666,-0.016875283333333203,0.0018515333333331
559,559,33.54,1.4966018333333342,12.370360333333334,-0.0174766666666665,0.0024185666666665
560,560,33.6,1.8328648333333344,12.6502995,-0.0178545999999998,0.0028748999999997998
561,561,33.66,2.1170315000000013,12.908704,-0.018194649999999903,0.0032521166666664
562,562,33.72,2.361865666666667,13.234938333333334,-0.0186392833333332,0.0035853333333331
563,563,33.78,2.6797088333333345,13.501167333333331,-0.0190044999999999,0.0040215999999998
564,564,33.84,3.1743295000000007,13.839043999999998,-0.0194653666666665,0.0046984833333331
565,565,33.9,3.555993333333334,14.144600666666664,-0.0199282666666665,0.0052621999999997995
566,566,33.96,4.016057666666668,14.444205833333337,-0.0203161666666665,0.0058730999999998
567,567,34.02,4.188303833333335,14.643810166666668,-0.020581566666666502,0.0061014333333331
568,568,34.08,3.818461000000001,14.72260333333333,-0.020677883333333202,0.0055819666666665
569,569,34.14,3.051396500000001,14.75826633333333,-0.0207457499999999,0.0045431499999998
570,570,34.2,1.931402333333334,14.9491605,-0.0210087333333332,0.0030017666666664997
571,571,34.26,0.6263935000000009,15.264067666666667,-0.0214504833333332,0.0012117999999998
572,572,34.32,-0.7258809999999992,15.673105,-0.0220040166666665,-0.0006556333333333999
573,573,34.38,-2.011317666666666,15.907818833333332,-0.0223270333333332,-0.00242485
574,574,34.44,-3.169416833333332,16.094799166666668,-0.022564016666666502,-0.0040286
575,575,34.5,-4.169169999999999,16.255968666666668,-0.0228307833333332,-0.0053838333333333
576,576,34.56,-4.8032681666666655,16.377762166666667,-0.0229734166666665,-0.00626715
577,577,34.62,-4.9047410000000005,16.359289000000004,-0.0229336999999999,-0.0064123666666667
578,578,34.68,-4.682655,16.270430166666667,-0.022829999999999902,-0.0060994000000000005
579,579,34.74,-4.1910005,15.984575500000002,-0.0224459833333332,-0.0054186500000000005
580,580,34.8,-3.6830845,15.604104833333334,-0.0219147999999999,-0.0047227833333334
581,581,34.86,-2.972156166666666,15.121893,-0.0212453333333332,-0.0037471333333333
582,582,34.92,-1.8088228333333325,14.527226666666667,-0.0204287166666665,-0.00214515
583,583,34.98,-0.1101756666666658,14.094023833333331,-0.0198288999999999,0.0001900499999999
584,584,35.04,1.6271748333333342,13.935795000000002,-0.019593583333333203,0.0025668666666665
585,585,35.1,3.0874835000000003,13.826152333333331,-0.019483016666666502,0.0046108833333330995
586,586,35.16,4.233633500000001,13.749892333333332,-0.0193513333333332,0.0061632833333331
587,587,35.22,4.9227515,13.756156833333332,-0.0193309166666665,0.0070827166666665
588,588,35.28,5.084625166666666,13.781331333333334,-0.0193904833333332,0.0073303833333331
589,589,35.34,5.1838378333333335,13.718339166666665,-0.0193278333333332,0.0074915333333331
590,590,35.4,5.450187833333335,13.481640666666664,-0.0189920333333332,0.0078478999999998
591,591,35.46,5.732774666666666,13.165926166666669,-0.018546516666666502,0.0082249333333331
592,592,35.52,5.886452833333334,12.887635499999996,-0.018171099999999902,0.008444549999999799
593,593,35.58,6.061117166666666,12.576214333333333,-0.0177336333333332,0.0086747999999998
594,594,35.64,6.261721500000002,12.449118000000002,-0.0175445499999998,0.0089340499999998
595,595,35.7,6.352205333333334,12.304170666666666,-0.0174086666666665,0.0091337166666665
596,596,35.76,6.551040000000001,12.0431835,-0.017018049999999903,0.0093700666666665
597,597,35.82,6.744046833333333,11.98979066666667,-0.0169072999999999,0.0095899833333331
598,598,35.88,6.734193833333334,12.08082766666667,-0.017044949999999802,0.0095918333333332
599,599,35.94,6.758551,12.129873666666663,-0.0171428666666665,0.0096626999999998
600,600,36.0,6.996320000000001,12.028242666666666,-0.016977599999999902,0.009958283333333099
601,601,36.06,6.977649166666667,11.962058666666668,-0.0168919999999999,0.0099396333333331
602,602,36.12,6.678253666666667,11.953889333333333,-0.0168819666666665,0.0095292166666665
603,603,36.18,5.813850166666667,11.867833333333332,-0.016755149999999903,0.0083300166666665
604,604,36.24,4.402215166666668,11.889260333333336,-0.016787599999999903,0.0063908833333331
605,605,36.3,2.994960500000001,12.017316499999998,-0.0169987166666665,0.0044905666666665
606,606,36.36,2.2556475000000007,12.152046666666664,-0.0171471333333332,0.0034369499999998
607,607,36.42,1.799923833333334,12.277757,-0.0173157499999999,0.0028060999999998
608,608,36.48,1.6171040000000003,12.402483,-0.0175067333333332,0.0025718999999998
609,609,36.54,1.6351921666666671,12.596033000000002,-0.017782916666666503,0.0026053833333331
610,610,36.6,1.956397833333334,12.9284305,-0.018218299999999802,0.0030280333333330997
611,611,36.66,2.4206170000000005,13.132563333333334,-0.0185025833333332,0.0036697666666665
612,612,36.72,3.052881666666667,13.392757833333333,-0.0188664166666665,0.0045452166666665
613,613,36.78,3.4291543333333347,13.515086166666665,-0.0190123333333332,0.0050418166666665
614,614,36.84,3.0639485000000013,13.559243500000004,-0.0190964333333332,0.0045610499999998
615,615,36.9,2.636130166666667,13.6891225,-0.019292199999999902,0.0039873666666664
616,616,36.96,2.252697166666667,13.982082833333331,-0.019670766666666503,0.0034380833333331
617,617,37.02,1.9928186666666676,14.354244833333333,-0.020167616666666503,0.0030682499999998
618,618,37.08,1.5785971666666676,14.733970166666667,-0.0207159499999999,0.0025188166666665
619,619,37.14,1.3048003333333338,14.988091999999998,-0.0210752999999999,0.0021493333333331
620,620,37.2,1.076055500000001,15.374415666666666,-0.0215983499999999,0.0018280166666664998
621,621,37.26,1.0202590000000007,15.8455855,-0.022244683333333203,0.0017494499999998001
622,622,37.32,1.143521500000001,16.308150166666668,-0.0228841999999999,0.0019211166666664998
623,623,37.38,1.3431725000000008,16.316571,-0.022877399999999902,0.0021830666666664998
624,624,37.44,1.3982731666666677,16.213574166666668,-0.0227732333333332,0.0022854166666664
625,625,37.5,1.5663616666666678,16.250262333333335,-0.0227969666666665,0.0024977666666665
626,626,37.56,1.5090628333333338,16.3938415,-0.0229873833333332,0.0024139499999998
627,627,37.62,1.0124080000000009,16.4249525,-0.0230359833333332,0.0017343999999998002
628,628,37.68,0.2106700000000007,16.208965833333334,-0.0227497666666665,0.0006384499999998
629,629,37.74,-0.2796859999999991,15.666876166666666,-0.0220000833333332,-3.8783333333300006e-05
630,630,37.8,-0.4138694999999994,15.221850166666666,-0.021365649999999903,-0.00023775
631,631,37.86,-0.6093264999999992,14.772095666666669,-0.0207624666666665,-0.0004965333333333
632,632,37.92,-0.8669553333333325,14.371843000000002,-0.0202215333333332,-0.0008445166666667
633,633,37.98,-1.2354086666666655,14.2977655,-0.0201194333333332,-0.0013518833333333998
634,634,38.04,-1.836193666666666,14.367666333333334,-0.0202213666666665,-0.0021754
635,635,38.1,-2.330027833333333,14.5405695,-0.0204352499999999,-0.0028692833333333
636,636,38.16,-2.6980513333333325,14.862871833333331,-0.0208745499999999,-0.0033777333333333
637,637,38.22,-2.8530161666666656,15.19922666666667,-0.0213498333333332,-0.0035843000000000003
638,638,38.28,-2.8441518333333327,15.4654745,-0.0217208999999999,-0.0035694833333334
639,639,38.34,-2.7864561666666665,15.684718833333331,-0.0220173666666665,-0.00349285
640,640,38.4,-2.601582666666665,15.704983333333336,-0.0220563833333332,-0.0032327000000000002
641,641,38.46,-2.020025666666666,15.382721166666668,-0.0215997499999999,-0.0024393833333333
642,642,38.52,-1.1221343333333325,15.55281133333333,-0.0218214666666665,-0.0012112333333333999
643,643,38.58,-0.1895704999999991,15.976819,-0.022473416666666503,0.00011503333333329999
644,644,38.64,0.8884066666666673,16.312818333333336,-0.0228838333333332,0.0015649499999998
645,645,38.7,1.8079648333333345,16.35502133333333,-0.022904716666666502,0.0028040333333331
646,646,38.76,2.709571666666668,16.271877500000002,-0.0227967666666665,0.0040478666666665004
647,647,38.82,3.608980833333333,16.480963499999998,-0.023105366666666502,0.0053013333333331
648,648,38.88,4.295836,16.865829500000004,-0.0236506999999999,0.0062593833333331
649,649,38.94,4.746706166666667,17.19199716666667,-0.0241061166666665,0.0068853999999997995
650,650,39.0,5.145389166666669,17.574279666666666,-0.0246304499999999,0.0074327833333331
651,651,39.06,5.594747500000001,18.00809216666666,-0.0252025166666665,0.0080300999999998
652,652,39.12,6.035922500000002,18.6969475,-0.0261135166666665,0.0086062166666665
653,653,39.18,6.383598833333334,19.592967833333333,-0.027405149999999903,0.0091336666666665
654,654,39.24,7.103010000000001,20.709618666666675,-0.028931999999999902,0.0101156666666665
655,655,39.3,8.490263166666669,21.346375,-0.0297881166666665,0.0120077666666665
656,656,39.36,9.544744000000003,21.10341066666666,-0.0294754333333332,0.0134772833333331
657,657,39.42,9.705591166666668,20.586172,-0.0287837333333332,0.0137168333333331
658,658,39.48,9.869622,20.518623833333333,-0.0286684666666666,0.0139218999999998
659,659,39.54,10.503253166666669,20.682424333333334,-0.0288840166666665,0.0147845833333331
660,660,39.6,11.015970166666667,20.88461283333333,-0.0291883499999999,0.0155150999999998
661,661,39.66,11.1988385,20.860116,-0.029167833333333202,0.0157796999999998
662,662,39.72,11.050996166666666,20.5851175,-0.028768133333333203,0.0155557666666664
663,663,39.78,10.929697166666667,20.3853405,-0.028512849999999902,0.0154080166666664
664,664,39.84,10.959539,20.368086166666668,-0.0284627166666666,0.0154231833333331
665,665,39.9,10.642505666666668,20.703510666666663,-0.0288904833333332,0.0149547166666665
666,666,39.96,10.203980000000003,21.256032999999995,-0.0296682999999999,0.0143681833333331
667,667,40.02,9.92601266666667,21.7180115,-0.0303554833333332,0.0140323333333331
668,668,40.08,9.518814166666669,21.6459585,-0.0302781999999999,0.0134904666666665
669,669,40.14,9.20153133333334,21.549942666666663,-0.0301138333333332,0.0130254166666665
670,670,40.2,8.850376500000001,21.42950333333333,-0.0298887166666666,0.0124911833333331
671,671,40.26,8.230271333333336,21.085347833333334,-0.0294298666666666,0.0116505499999998
672,672,40.32,7.273288333333334,20.6922995,-0.0289090999999999,0.0103505166666665
673,673,40.38,6.497780666666667,20.2850725,-0.0283777833333332,0.0093068833333332
674,674,40.44,6.147217833333333,19.81436433333334,-0.027695216666666602,0.0087964499999998
675,675,40.5,5.8571455000000014,19.42837783333333,-0.0271634666666666,0.0083969666666665
676,676,40.56,5.8198438333333335,19.1051945,-0.026738999999999902,0.0083621333333331
677,677,40.62,5.926645,18.844247166666666,-0.0263819333333332,0.0085108166666665
678,678,40.68,6.141885666666669,18.557835,-0.0259969499999999,0.0088151999999998
679,679,40.74,6.432892000000001,18.392793,-0.0257764999999999,0.009221766666666499
680,680,40.8,6.782082333333333,18.189785833333328,-0.0254754166666665,0.0096836666666665
681,681,40.86,7.243588333333334,18.037370333333328,-0.0252246333333332,0.0102810999999998
682,682,40.92,7.922863833333333,18.00978666666667,-0.0251393999999998,0.0111702999999998
683,683,40.98,8.791652333333335,17.91293133333333,-0.025038799999999802,0.0123950499999998
684,684,41.04,9.896407166666668,17.836711666666663,-0.0249891666666665,0.0139707833333331
685,685,41.1,10.832545499999998,17.731856833333328,-0.0248677499999998,0.0152841833333331
686,686,41.16,11.508806000000002,17.557003,-0.024615633333333203,0.0162029999999998
687,687,41.22,11.877113500000004,17.36469633333333,-0.024315416666666503,0.0166691499999998
688,688,41.28,12.168820833333331,17.061846666666668,-0.0239198166666665,0.0170954833333331
689,689,41.34,12.464960500000002,16.841007,-0.0236468333333332,0.0175409666666665
690,690,41.4,12.500947166666668,16.720451666666666,-0.023480899999999902,0.0175906333333331
691,691,41.46,12.570901666666664,16.626314666666666,-0.023332583333333202,0.0176640666666665
692,692,41.52,13.076857666666667,16.497383666666668,-0.0231317166666665,0.0183307499999998
693,693,41.58,13.633814666666668,16.525592166666666,-0.0230980833333332,0.0190031999999998
694,694,41.64,14.098899666666671,16.506006333333335,-0.0230808166666665,0.0196546166666665
695,695,41.7,14.669412333333332,16.264016166666668,-0.022814366666666502,0.0205273499999998
696,696,41.76,14.680316,15.9733675,-0.022436549999999802,0.0205730166666665
697,697,41.82,14.776643666666669,15.856166333333334,-0.0222507333333332,0.0206713499999998
698,698,41.88,15.039197333333334,15.852855666666668,-0.0222424999999999,0.0210274999999998
699,699,41.94,15.436733166666668,15.945738166666668,-0.0223541166666665,0.0215514166666665
700,700,42.0,15.810160333333332,16.042089333333333,-0.022497666666666503,0.0220806333333331
701,701,42.06,16.018929166666666,16.20935083333333,-0.0227548166666665,0.0224065999999998
702,702,42.12,16.216958833333333,16.440082,-0.0231119833333332,0.0227360333333331
703,703,42.18,16.3628075,16.8012485,-0.0235489999999999,0.0228512833333331
704,704,42.24,16.0557595,17.114180499999996,-0.0239561666666665,0.0223961666666665
705,705,42.3,15.573294333333331,17.12226233333333,-0.023993516666666503,0.0217683833333331
706,706,42.36,15.219072666666667,17.017377833333335,-0.0238509666666665,0.0212834666666665
707,707,42.42,14.630420833333334,17.059262166666667,-0.0239088833333332,0.0204736333333331
708,708,42.48,13.699790833333331,17.266568499999998,-0.0241956999999999,0.0191954666666665
709,709,42.54,12.504055333333332,17.472290166666664,-0.0244500333333332,0.0175155333333331
710,710,42.6,12.002400333333332,17.605408,-0.0246191166666665,0.0168097333333331
711,711,42.66,12.133956500000002,17.5577085,-0.0246075833333332,0.0170535499999998
712,712,42.72,12.840742333333337,17.152318166666664,-0.0240534499999999,0.0180311833333331
713,713,42.78,13.2001565,16.874452166666668,-0.023639516666666503,0.0184868333333331
714,714,42.84,13.149592833333337,16.744021166666666,-0.023458516666666502,0.0184151999999998
715,715,42.9,12.684024166666664,16.879112333333335,-0.023655483333333203,0.0177887666666665
716,716,42.96,12.283354333333335,17.062424833333335,-0.023872799999999902,0.0171957833333331
717,717,43.02,11.6192225,17.368202833333335,-0.0242856499999998,0.0162745333333331
718,718,43.08,10.9639865,17.575800333333333,-0.0246004166666665,0.0154070333333331
719,719,43.14,10.163031166666666,17.708289166666663,-0.0248503499999999,0.014377616666666499
720,720,43.2,9.185325666666666,17.837790666666663,-0.0249804499999999,0.0129812833333331
721,721,43.26,8.114917833333335,17.938025166666662,-0.025143049999999802,0.0115319333333331
722,722,43.32,7.402611500000002,17.881266333333333,-0.0250498666666665,0.010537149999999799
723,723,43.38,6.946280833333334,17.753949666666664,-0.0248249666666665,0.0098634333333331
724,724,43.44,6.382422833333334,17.644427999999998,-0.0246985333333332,0.0091099166666665
725,725,43.5,5.7032425,17.560315000000003,-0.0246606833333332,0.0082434333333331
726,726,43.56,4.903659500000002,17.378367833333336,-0.0243833666666665,0.0071188833333331
727,727,43.62,4.206615166666668,17.202134333333333,-0.0241003666666665,0.0061259833333331
728,728,43.68,3.794856666666667,17.0017295,-0.0238284499999999,0.0055623666666665
729,729,43.74,3.320054166666668,16.799599333333333,-0.0235529999999999,0.0049112666666665
730,730,43.8,2.932380666666668,16.57727116666667,-0.023253683333333202,0.0043826333333331
731,731,43.86,2.281831000000001,16.456981166666665,-0.0231393999999998,0.0035255499999997998
732,732,43.92,1.6300266666666678,16.464158333333334,-0.0230935999999999,0.0025873833333331
733,733,43.98,1.041231000000001,16.541611666666665,-0.0231797499999998,0.0017626833333331
734,734,44.04,0.6854703333333343,16.51627333333333,-0.0231661833333332,0.0012877333333331
735,735,44.1,0.3280668333333342,16.343740166666667,-0.0229300499999999,0.0007966666666665
736,736,44.16,-0.0277188333333325,16.153515500000005,-0.0226467166666665,0.00029316666666655847
737,737,44.22,-0.4902429999999991,16.107042,-0.0226097499999999,-0.00032631666666670003
738,738,44.28,-0.9051648333333324,16.251213,-0.0228072999999998,-0.0008979166666666999
739,739,44.34,-1.1933398333333325,16.606949166666663,-0.023215516666666502,-0.0013410499999999999
740,740,44.4,-1.7726076666666657,17.015047000000003,-0.0238541999999998,-0.0020949833333333
741,741,44.46,-2.434678,17.046432000000003,-0.023962349999999803,-0.0029732
742,742,44.52,-2.8036193333333324,16.93284983333333,-0.0237544833333332,-0.0035070166666667
743,743,44.58,-3.010383666666667,16.75250983333333,-0.0234611999999999,-0.00381325
744,744,44.64,-3.1460161666666666,16.535461333333338,-0.023195866666666502,-0.0039839333333333005
745,745,44.7,-3.1454611666666654,16.481864833333336,-0.023127383333333203,-0.0039806333333334
746,746,44.76,-2.922381666666666,16.39464316666667,-0.022975849999999902,-0.0036890333333332997
747,747,44.82,-2.542733666666666,16.063622666666664,-0.0225143833333332,-0.0031702500000000003
748,748,44.88,-1.8020818333333324,15.5738625,-0.021863799999999902,-0.0021390166666667002
749,749,44.94,-0.6992526666666659,15.349902333333327,-0.021559816666666502,-0.0006184333333333
750,750,45.0,0.3883720000000009,15.345818666666666,-0.0215837666666665,0.0008985166666665
751,751,45.06,1.3876980000000008,15.421876166666667,-0.021669449999999903,0.0022610333333331
752,752,45.12,2.1841575000000004,15.607731,-0.021906916666666502,0.0033434666666665
753,753,45.18,2.495148500000001,15.847388333333331,-0.0222413333333332,0.0037750333333331
754,754,45.24,3.277218500000001,16.04576133333333,-0.0225178666666666,0.0048540666666664995
755,755,45.3,4.610157,16.23298066666667,-0.0227717833333332,0.0066854166666665
756,756,45.36,6.056173500000001,16.39299,-0.0229958333333332,0.0086788333333331
757,757,45.42,7.194738166666667,16.4406895,-0.023052433333333202,0.0102366499999998
758,758,45.48,7.6345105,16.385655833333335,-0.0229724833333332,0.0108373999999998
759,759,45.54,7.555662666666667,16.2764695,-0.0228629833333332,0.0107701333333331
760,760,45.6,7.132091833333334,16.174852166666664,-0.0227077666666665,0.0101716333333331
761,761,45.66,6.881474333333333,16.026844833333335,-0.0224640999999999,0.0097869166666665
762,762,45.72,6.893578666666667,15.702768833333334,-0.022024983333333203,0.0098100833333331
763,763,45.78,7.036228166666667,15.452612333333333,-0.021691233333333202,0.0100168333333331
764,764,45.84,7.305971166666667,14.9015165,-0.0209369166666665,0.0103920499999998
765,765,45.9,7.490801166666666,14.009469,-0.0197287999999999,0.0106681666666665
766,766,45.96,7.949988833333333,13.480233666666669,-0.0189932999999998,0.0112923333333331
767,767,46.02,8.477133666666667,13.053091166666668,-0.018395566666666502,0.0120060833333331
768,768,46.08,9.099595666666666,12.653211,-0.0178279666666665,0.0128394666666665
769,769,46.14,9.463413333333332,12.265972666666666,-0.0173318666666665,0.0133898833333331
770,770,46.2,9.977833166666668,11.873502166666666,-0.016771216666666502,0.0140687999999998
771,771,46.26,10.333114,11.645137166666668,-0.0164359499999999,0.0145265666666665
772,772,46.32,10.672164666666667,11.513470666666665,-0.0162714166666665,0.0150176666666665
773,773,46.38,10.981291,11.591972,-0.0163946999999999,0.0154666166666664
774,774,46.44,11.301981500000002,11.814628166666663,-0.0166990166666665,0.0159046666666665
775,775,46.5,11.56142166666667,11.785219499999998,-0.0166608499999998,0.0162655499999998
776,776,46.56,11.8649565,11.565470333333334,-0.0163432999999999,0.0166591999999998
777,777,46.62,12.163209166666668,11.420913,-0.016137999999999802,0.0170589333333331
778,778,46.68,12.347220666666669,11.656812000000002,-0.0164400333333332,0.0172753333333331
779,779,46.74,12.33125016666667,12.16293366666667,-0.017183016666666502,0.0173283166666665
780,780,46.8,12.221673833333334,12.719958999999996,-0.0179483333333332,0.0171755166666665
781,781,46.86,11.716006,13.348711500000004,-0.0188004166666665,0.0164600666666665
782,782,46.92,11.127564333333336,13.8085665,-0.0194240333333332,0.0156376499999998
783,783,46.98,10.341371166666669,14.21551466666667,-0.0200156999999999,0.0145973333333331
784,784,47.04,9.644785666666667,14.723374666666666,-0.0207054833333332,0.0136266499999998
785,785,47.1,8.819651666666667,15.237718000000005,-0.0214067833333332,0.0124828499999998
786,786,47.16,7.758982666666666,15.501081333333332,-0.0217543999999999,0.0110074499999998
787,787,47.22,6.3744983333333325,15.492396333333335,-0.0217390166666665,0.0090997999999998
788,788,47.28,4.880006000000001,15.478148333333335,-0.0217625499999999,0.0070829666666665
789,789,47.34,3.780939166666668,15.529715666666668,-0.021825783333333203,0.0055631833333331
790,790,47.4,2.9323325000000007,15.585606833333332,-0.021844583333333202,0.0043469333333331
791,791,47.46,1.9537755000000008,15.503214166666664,-0.0217575166666665,0.0030220666666664997
792,792,47.52,1.0267090000000003,15.495998666666669,-0.0217719499999999,0.0017642499999997998
793,793,47.58,0.4162808333333341,15.567205166666666,-0.0218701666666665,0.0009242999999998
794,794,47.64,0.0337701666666674,15.706507833333337,-0.022042583333333202,0.00038474999999986887
795,795,47.7,-0.2841809999999991,15.792677166666666,-0.0221659166666665,-4.971666666670003e-05
796,796,47.76,-0.6042979999999993,15.550111499999998,-0.021845416666666503,-0.00048163333333329996
797,797,47.82,-0.6754353333333325,15.308792666666667,-0.0214558833333332,-0.0006162166666667
798,798,47.88,-0.5517734999999991,15.300140833333332,-0.0214838833333332,-0.00042043333333340006
799,799,47.94,0.2569518333333341,15.197550833333333,-0.0213639833333332,0.0007067333333331
800,800,48.0,1.5427515000000012,15.010686333333332,-0.021097899999999902,0.0024707833333330997
801,801,48.06,2.7569470000000007,14.602196333333332,-0.0205296833333332,0.0041365666666665
802,802,48.12,3.719208166666668,13.681755,-0.0192609999999999,0.0054587999999998
803,803,48.18,4.580411666666667,12.984556166666666,-0.0182959499999999,0.0066384833333330995
804,804,48.24,5.662343333333334,12.7899625,-0.0179866833333332,0.0080801166666665
805,805,48.3,6.789004333333335,12.756805000000002,-0.017914499999999903,0.0095966999999998
806,806,48.36,7.736045500000001,12.212535166666669,-0.0172320999999999,0.0109774833333331
807,807,48.42,7.906723333333333,11.699811833333332,-0.0165593999999999,0.0112557499999998
808,808,48.48,7.966984833333336,11.4466,-0.016235349999999902,0.011372033333333099
809,809,48.54,7.868548166666668,11.3589515,-0.0160875166666665,0.011199866666666499
810,810,48.6,7.369254833333333,11.591607833333336,-0.016375866666666503,0.010470033333333099
811,811,48.66,6.912124666666668,12.479856166666666,-0.017638366666666502,0.0098903499999998
812,812,48.72,6.706459333333334,13.7832415,-0.019420333333333203,0.0095918333333331
813,813,48.78,6.424615666666669,14.061586000000002,-0.019802266666666502,0.0092019499999998
814,814,48.84,5.861102666666667,13.630868333333336,-0.0192273499999998,0.0084453333333331
815,815,48.9,5.326216333333334,13.112596833333336,-0.0185028499999998,0.0076973166666665
816,816,48.96,5.465786166666667,13.357908666666669,-0.0187878666666665,0.0078332166666665
817,817,49.02,5.919697666666668,13.666465166666663,-0.0192413999999999,0.0084888166666665
818,818,49.08,6.718521000000001,13.484033999999998,-0.0190106499999999,0.0096108666666665
819,819,49.14,7.456214333333334,12.865599166666668,-0.0181425833333332,0.0106064999999998
820,820,49.2,7.923136000000002,12.227254833333337,-0.0172432333333332,0.0112230499999998
821,821,49.26,8.342871833333334,12.101299833333334,-0.0170826666666665,0.011816849999999799
822,822,49.32,9.209902333333332,11.438768833333334,-0.0161779333333332,0.0130194666666665
823,823,49.38,9.744137833333331,10.799140166666666,-0.015293366666666499,0.0137484166666665
824,824,49.44,9.984118166666669,10.560809,-0.014977533333333199,0.0140973166666665
825,825,49.5,9.899389833333338,10.584483166666669,-0.015017966666666499,0.0139932499999998
826,826,49.56,10.111835500000002,10.669272666666666,-0.0150829666666665,0.014204233333333099
827,827,49.62,9.748546,10.264705,-0.014561583333333199,0.0137602499999998
828,828,49.68,9.279328833333334,9.949250333333332,-0.014165283333333199,0.0131747999999998
829,829,49.74,8.897138500000002,10.199942166666665,-0.014490466666666499,0.0126161666666665
830,830,49.8,8.391096166666667,10.9378115,-0.0155207833333332,0.0119386999999998
831,831,49.86,7.977080166666667,11.671510166666668,-0.0165515499999998,0.011394533333333099
832,832,49.92,8.001584833333334,12.299613333333332,-0.017277449999999903,0.0112468333333331
833,833,49.98,7.930500000000003,12.158880000000002,-0.0171141499999998,0.011187733333333099
834,834,50.04,8.136569833333335,12.019743833333331,-0.0169694499999999,0.0115315166666665
835,835,50.1,8.375184166666667,11.900768666666668,-0.0167618333333332,0.0118009499999998
836,836,50.16,8.142034500000001,11.778232666666668,-0.0166392333333332,0.0115418166666665
837,837,50.22,7.410204166666668,11.815973,-0.0167090333333332,0.0105581499999998
838,838,50.28,6.628243333333334,12.029131499999998,-0.0169731666666665,0.0094455999999998
839,839,50.34,6.025840500000002,12.451916166666669,-0.0175315333333332,0.0085901999999998
840,840,50.4,5.325185333333335,13.006905833333333,-0.0183469499999999,0.0076844833333331
841,841,50.46,4.935349833333333,13.501343333333333,-0.0190166666666665,0.0071366999999998
842,842,50.52,4.833512166666668,14.509370166666669,-0.020368633333333202,0.0069620666666665
843,843,50.58,4.7777175000000005,15.649274333333334,-0.0219742333333332,0.0069207999999998
844,844,50.64,4.918494166666666,16.065441833333335,-0.022550783333333203,0.0071182333333331
845,845,50.7,5.109346000000001,16.055507166666665,-0.0225513666666665,0.0073937999999997995
846,846,50.76,5.492170666666667,15.779667833333336,-0.0221666333333332,0.0079163333333331
847,847,50.82,5.9884515,15.7576575,-0.022124216666666502,0.0085880666666665
848,848,50.88,6.217257166666668,16.061577500000002,-0.0225274333333332,0.0088883999999998
849,849,50.94,6.067302999999999,16.287045499999998,-0.0228467666666665,0.0086909166666665
850,850,51.0,5.783607833333334,15.99959833333333,-0.0224427166666665,0.0082925833333331
851,851,51.06,5.865480000000002,15.720830666666666,-0.0220540833333332,0.0084003499999998
852,852,51.12,6.486547333333333,15.553251833333338,-0.0218184999999999,0.0092495499999998
853,853,51.18,7.4897785,15.538933666666669,-0.021807866666666502,0.0106385499999998
854,854,51.24,8.674077666666669,15.430521999999998,-0.0217089333333332,0.0123237166666665
855,855,51.3,9.580671000000004,15.312708,-0.0215247499999999,0.0135474833333331
856,856,51.36,9.8637085,15.340294833333331,-0.0215300999999999,0.0138987666666665
857,857,51.42,10.0134105,15.229629999999997,-0.0213713499999999,0.0140968333333331
858,858,51.48,10.337754166666668,15.380394999999998,-0.0216058166666665,0.0145755333333331
859,859,51.54,10.70206616666667,15.709208333333338,-0.0220618999999999,0.0150812666666665
860,860,51.6,11.057493666666666,16.090929833333334,-0.022580066666666503,0.0155615666666665
861,861,51.66,11.133383166666666,16.489209166666665,-0.0231086666666665,0.0156432499999998
862,862,51.72,11.19403516666667,16.825355499999997,-0.0235743333333332,0.0157305833333331
863,863,51.78,11.3035395,17.25744,-0.024181033333333202,0.0158949666666664
864,864,51.84,11.237301666666667,17.3585175,-0.024343166666666503,0.015830266666666502
865,865,51.9,11.31093366666667,17.366831,-0.0243297166666665,0.0159032333333331
866,866,51.96,11.263335666666665,17.421719166666666,-0.0243956166666665,0.0158268666666665
867,867,52.02,10.927242833333334,17.4630075,-0.0244576499999999,0.0153703499999998
868,868,52.08,10.575703666666668,17.547601999999998,-0.024595666666666502,0.0149104833333331
869,869,52.14,10.115849333333331,17.634295166666668,-0.0247052666666665,0.0142669999999998
870,870,52.2,9.233278666666669,17.487402,-0.0244872833333332,0.0130359833333331
871,871,52.26,8.279592333333335,17.341836833333335,-0.0242923999999998,0.0117293833333331
872,872,52.32,7.673633666666666,17.398129166666667,-0.0243548999999999,0.0108812166666665
873,873,52.38,7.035394,17.584227,-0.0246554499999998,0.0100449666666665
874,874,52.44,6.669073166666667,17.7289275,-0.0248571499999999,0.0095427166666665
875,875,52.5,6.544063666666668,17.8521295,-0.024989799999999902,0.0093375499999998
876,876,52.56,6.558023166666668,18.04330116666667,-0.0252472666666665,0.0093517999999998
877,877,52.62,6.722018666666668,18.209475666666663,-0.0255054999999999,0.0096037166666665
878,878,52.68,6.784695000000001,18.3468285,-0.025689449999999902,0.0096854499999998
879,879,52.74,6.657244666666668,18.5699275,-0.0259851999999999,0.0095000999999998
880,880,52.8,6.593546000000002,18.75513483333333,-0.0262462666666665,0.0094178999999998
881,881,52.86,6.559390333333334,18.904938,-0.0264485499999999,0.0093674333333331
882,882,52.92,6.564542333333335,19.030374333333334,-0.0266188166666666,0.0093726166666665
883,883,52.98,6.455713166666669,19.104504666666664,-0.0267656666666666,0.0092608333333332
884,884,53.04,6.592300666666666,19.034646,-0.0266252833333332,0.0094112666666665
885,885,53.1,6.7248490000000025,18.952021333333334,-0.0264709166666665,0.0095587166666665
886,886,53.16,6.740213833333334,18.8870405,-0.0264089999999999,0.0096035666666665
887,887,53.22,6.752229666666668,18.8427805,-0.0263953333333332,0.0096609833333331
888,888,53.28,6.885303166666668,18.886827333333336,-0.026417616666666602,0.0098107666666665
889,889,53.34,7.0062190000000015,18.8755205,-0.0264119333333332,0.0099858333333331
890,890,53.4,7.162521666666666,18.836068000000004,-0.0263636999999999,0.0102060833333331
891,891,53.46,7.299313833333334,18.785179,-0.0262906666666665,0.0103917666666665
892,892,53.52,7.5899031666666685,18.6891055,-0.026129949999999902,0.0107658833333331
893,893,53.58,7.840371333333335,18.64499733333334,-0.026130183333333203,0.0111664999999998
894,894,53.64,8.149066666666666,18.605426,-0.026032166666666502,0.0115508999999998
895,895,53.7,8.4479275,18.632443166666665,-0.026052149999999802,0.0119460666666665
896,896,53.76,8.658989166666666,18.716085000000007,-0.0261768666666665,0.0122454499999998
897,897,53.82,8.694601833333335,18.831238,-0.026313949999999902,0.0122741166666665
898,898,53.88,8.467034500000002,18.866438833333337,-0.0264042166666666,0.0120006666666665
899,899,53.94,8.326842666666668,18.909261500000003,-0.026466683333333203,0.0118109666666665
900,900,54.0,8.177216500000002,18.96496816666666,-0.0265345666666666,0.0115970166666665
901,901,54.06,8.087031000000001,19.025131166666664,-0.026616299999999902,0.0114717499999998
902,902,54.12,8.0411245,19.100442333333334,-0.0266860166666665,0.0113777499999998
903,903,54.18,7.949277333333333,19.207776000000003,-0.0268828166666666,0.0112958833333332
904,904,54.24,8.027982833333333,19.20408666666667,-0.0268779499999999,0.0114043166666665
905,905,54.3,8.285977333333333,19.17166733333334,-0.0267831499999999,0.0117135833333331
906,906,54.36,8.530585,19.073772833333333,-0.0266740499999999,0.0120736833333331
907,907,54.42,8.7763095,18.959773,-0.026540199999999903,0.0124334833333332
908,908,54.48,9.026543166666668,18.860576,-0.0263675999999999,0.0127432666666665
909,909,54.54,8.897597833333332,18.78270583333333,-0.0262979666666666,0.0126019833333332
910,910,54.6,8.6849585,18.62604166666667,-0.0261014499999998,0.0123275999999998
911,911,54.66,8.587776666666667,18.34700333333333,-0.0256880999999999,0.0121658166666665
912,912,54.72,8.5301055,18.003719833333335,-0.025197283333333202,0.0120684666666665
913,913,54.78,8.126380666666668,17.580737999999997,-0.024711099999999802,0.0116065666666665
914,914,54.84,7.622459833333334,17.113298833333335,-0.0240099999999999,0.0108565333333331
915,915,54.9,7.032426166666667,16.7674855,-0.0234874833333332,0.009999399999999799
916,916,54.96,6.522397,16.465932,-0.0230683666666665,0.0092937999999998
917,917,55.02,6.106760000000002,15.954208166666666,-0.0224091833333332,0.0087647333333331
918,918,55.08,5.8191475000000015,15.683478,-0.021991683333333102,0.0083260166666665
919,919,55.14,5.430385500000002,15.660862166666666,-0.021992116666666502,0.0078209999999998
920,920,55.2,5.294646333333334,15.892899166666666,-0.0223169999999999,0.0076393166666665
921,921,55.26,5.480178833333335,16.217496666666666,-0.0227483499999999,0.0078804833333331
922,922,55.32,6.1283795,16.462937500000002,-0.0230833833333332,0.0087700999999998
923,923,55.38,6.7800280000000015,16.793559833333337,-0.023605983333333202,0.0097309499999998
924,924,55.44,7.282087166666668,17.36440366666666,-0.0243422999999999,0.0103750166666665
925,925,55.5,7.610882333333334,18.060779333333336,-0.0252668999999999,0.0107957666666665
926,926,55.56,7.985590666666667,19.08220833333333,-0.026671099999999903,0.0113107499999998
927,927,55.62,7.963662333333333,19.394199166666667,-0.027131066666666603,0.0113080166666665
928,928,55.68,7.5813855,18.815091833333334,-0.0263435499999999,0.0107905833333331
929,929,55.74,7.223363333333335,17.510646166666668,-0.0245774499999999,0.0103260666666665
930,930,55.8,6.841546,15.9274005,-0.022401533333333203,0.009805666666666499
931,931,55.86,6.603599833333335,15.261047166666668,-0.0213901999999999,0.0093836999999998
932,932,55.92,5.819021666666668,16.092578333333332,-0.022487099999999902,0.0082620499999998
933,933,55.98,4.490295000000001,17.67908916666666,-0.0248095166666665,0.0065573499999998
934,934,56.04,2.5774631666666674,18.315837,-0.0257508666666665,0.0039668333333331
935,935,56.1,0.7924883333333341,18.293893333333333,-0.0256605499999999,0.0014650833333331
936,936,56.16,0.0337788333333342,18.3795915,-0.0256697666666665,0.00035553333333320517
937,937,56.22,-0.6343268333333325,18.233029166666665,-0.0254700499999998,-0.0005613833333334
938,938,56.28,-0.7663019999999992,18.03469683333333,-0.025180033333333202,-0.0007524166666666999
939,939,56.34,-0.7135148333333327,18.043388166666663,-0.0252087666666665,-0.0006707166666667001
940,940,56.4,-0.5922908333333325,18.303939666666665,-0.025664916666666503,-0.00044945
941,941,56.46,0.3501850000000008,18.7126765,-0.0262412166666665,0.0008563499999998
942,942,56.52,1.3922430000000008,19.401855166666664,-0.0271358166666666,0.0022592499999998
943,943,56.58,1.972695166666668,19.840775166666667,-0.0277678499999999,0.0030757499999998
944,944,56.64,2.121641833333334,20.091274,-0.028091999999999902,0.0032676999999997998
945,945,56.7,1.7916503333333338,20.316283833333333,-0.0283691999999999,0.0027938999999998
946,946,56.76,1.1212580000000008,20.318557500000004,-0.0283820833333332,0.0018774833333331
947,947,56.82,0.5238515000000009,20.03684266666666,-0.0280353333333332,0.0010785833333331
948,948,56.88,0.0911595000000007,19.787226666666665,-0.0276979666666666,0.0004861499999998
949,949,56.94,0.0249431666666676,19.640744833333333,-0.0274574333333332,0.0003737499999998673
950,950,57.0,0.1279436666666675,19.3703375,-0.027074799999999902,0.0005095999999998
951,951,57.06,0.288158333333334,19.048947166666668,-0.0266392833333332,0.0007336666666664
952,952,57.12,0.5837056666666675,18.945265666666668,-0.0265492166666666,0.0011712833333331
953,953,57.18,1.089094833333334,18.966317000000004,-0.0265413666666665,0.0018449999999998
954,954,57.24,1.6463725000000005,19.1315695,-0.0267142833333332,0.0025777666666664998
955,955,57.3,2.0079900000000013,19.389464166666663,-0.0271250333333332,0.0031108166666665
956,956,57.36,2.401664166666668,19.49660233333333,-0.0272628333333332,0.0036463333333330997
957,957,57.42,3.4582891666666677,19.606347666666668,-0.0273256333333332,0.0050374666666665
958,958,57.48,5.080736500000002,19.83000733333333,-0.027586433333333202,0.0072320166666665
959,959,57.54,6.753854500000001,20.17105983333333,-0.0284331333333332,0.0098330833333331
960,960,57.6,8.544506333333336,20.750822000000007,-0.0289981166666665,0.0121056999999998
961,961,57.66,9.279617333333336,21.6193615,-0.0300371833333332,0.0129819166666665
962,962,57.72,8.749734833333333,22.56245933333333,-0.0316736666666666,0.0125382833333331
963,963,57.78,8.9540485,23.3093205,-0.0325457666666666,0.0126919333333332
964,964,57.84,9.404592500000003,23.52600433333333,-0.0327351499999999,0.0132240999999998
965,965,57.9,9.774340166666668,23.316207166666665,-0.0325992999999999,0.0138586166666665
966,966,57.96,10.682854999999998,23.22043483333334,-0.032399299999999895,0.0150520666666665
967,967,58.02,11.473062000000002,23.11242933333333,-0.0321759833333332,0.0160727333333331
968,968,58.08,12.097496,22.887299,-0.031964749999999896,0.0170224666666665
969,969,58.14,12.323396,22.5419,-0.0315028666666666,0.0173465166666665
970,970,58.2,12.433241,22.351164999999995,-0.0311605666666665,0.0174212166666665
971,971,58.26,12.816276666666663,22.0506975,-0.030751699999999903,0.0179519666666665
972,972,58.32,13.470394333333337,21.43115283333334,-0.0298882333333332,0.0188397166666665
973,973,58.38,14.535986833333334,20.535339166666667,-0.028699583333333202,0.0203525999999998
974,974,58.44,16.081912499999998,19.843114333333336,-0.027738499999999902,0.0224694833333331
975,975,58.5,17.70113016666667,19.7597905,-0.027623383333333203,0.0246973166666665
976,976,58.56,18.512414000000003,20.048664499999997,-0.028033749999999902,0.0258303999999998
977,977,58.62,18.394261000000007,20.33383333333333,-0.028415599999999902,0.0256540499999998
978,978,58.68,18.335618166666663,20.119538,-0.0281349833333332,0.0255919499999998
979,979,58.74,18.37061833333333,20.01649616666667,-0.0280089499999999,0.0256607333333331
980,980,58.8,18.85793083333333,20.2058405,-0.0282147166666665,0.0262594999999998
981,981,58.86,19.298096500000003,20.267166833333334,-0.0283214333333332,0.0268946833333331
982,982,58.92,19.723645,20.2304585,-0.0282730166666665,0.0274828666666665
983,983,58.98,20.015104666666662,20.077011833333337,-0.0280635833333332,0.0278864166666665
984,984,59.04,19.834351166666668,20.13383666666667,-0.0281118333333332,0.0275970499999998
985,985,59.1,18.762844000000005,20.324136,-0.0284069833333332,0.0261667166666665
986,986,59.16,16.986506000000002,20.754413666666668,-0.0290112833333332,0.0237377333333331
987,987,59.22,15.794972166666666,20.91215800000001,-0.0292134166666666,0.0220796166666665
988,988,59.28,15.041683,20.7754105,-0.0290463833333332,0.0210666999999998
989,989,59.34,14.278624166666663,20.5513705,-0.0287469166666665,0.0200260833333331
990,990,59.4,13.590998333333332,20.37205733333333,-0.028410216666666502,0.0189812666666665
991,991,59.46,12.846330833333331,20.443846,-0.028532316666666502,0.0179823666666665
992,992,59.52,11.698383333333336,20.89798833333333,-0.0292206666666666,0.0164683999999998
993,993,59.58,10.2932865,21.42738733333333,-0.029909383333333203,0.0144961333333331
994,994,59.64,8.358545333333334,21.89746583333333,-0.0305952166666665,0.0118668333333331
995,995,59.7,6.026147166666666,22.36731,-0.0312297166666666,0.008646399999999799
996,996,59.76,4.4045355,22.720982,-0.0316800999999999,0.0063895166666665
997,997,59.82,3.0616655000000006,22.838450833333336,-0.031856666666666596,0.0045514666666664995
998,998,59.88,2.0196876666666674,22.773923666666672,-0.0318010499999999,0.0031365999999998
999,999,59.94,1.105295333333334,22.6482205,-0.0316102833333332,0.0018680499999998
